child in a pink dress is climbing up a set of stairs in an entry way .,0
child practices hitting a baseball into a net , while two adult men watch .,5
man is holding the net for the boy playing baseball .,0
boys baseball team wear their uniforms .,5
boys are all wearing the same baseball hats .,5
boy in blue with a football sprawls in the grass .,0
boy laying on the grass face down with a football at his feet .,0
is lying face down in the grass with his foot on a football .,0
boy is on the ground next to the football .,0
little boy fell face first into the grass while playing football .,5
boy in white plays baseball .,0
young boy is getting ready to through a baseball,5
boy is wearing a white baseball uniform and holding a baseball .,0
young Ohio baseball player contemplates his pitch .,0
man tries to catch a football on grass surrounded by American flags .,5
boy hits a baseball with the bat .,0
boy swings a baseball bat , and a catcher stands behind him .,5
kid hits a baseball during a game .,0
little boy in a teal uniform swinging a baseball bat .,0
boy in the blue shirt is swinging a baseball bat towards a ball as the boy in the red helmet waits to catch him out .,0
little boy points to the face of another little boy in base in a baseball game .,5
young baseball player is pointing a finger in the face of a player on the other team .,5
boys on oppsite sides of the baseball teams arguing with each other at a base .,5
man dressed in a white shirt , blue baseball cap while wearing gloves , holding a red and white checkered food wrapping .,5
older man in a baseball cap,0
Baseball batter raising his arm .,0
baseball player from New York waiting to bat during a game .,0
baseball player in a Yankees uniform is holding a bat in one hand,0
woman in a dress and baseball cap sits next to the water .,0
girl in the blue dress and the baseball cap is sitting near the ocean .,5
young boy and girl playing baseball in a grassy field .,0
football player pauses during a game .,0
football player wears a green jersey with the number " 4 " on it .,5
football player is being handed a towel on the field .,5
takes a cloth off of a Green Bay Packers football player .,0
boy holds a basketball angerly .,0
boy with a basketballs glowers at the camera .,0
young boy shows off his basketball skills,5
boy is holding a basketball on a wooden basketball court .,0
are two boys on a basketball court and one is holding a basketball .,0
boy dribbles a basketball in the gymnasium .,0
boy dribbling a basketball in a gym .,0
boy wearing a Steve Nash shirt dribbles a basketball on an indoor court .,0
child in a gray t-shirt is bouncing a basketball on a basketball court .,5
little boy dribbles his basketball .,0
group of boys play flag football while some bystanders watch .,0
playing tag football .,0
boys playing flag football in blue and white uniforms,5
boys play touch football .,0
baseball is recoiling from an action taken on a treated field watched by others .,0
baseball player on a playing field springs into action .,5
baseball player standing on the mound .,0
pitcher in a red and white uniform in a baseball game has just thrown the ball .,0
are scrambling around the goal as the goal keeper reaches for the ball .,5
white haired man in the black baseball cap is wearing a black jacket covered with car racing emblems .,0
boy standing and watching a group of people on a basketball court .,0
boy takes a football from another boy .,0
the ground a boy in a red sweatshirt is leaning over holding a football and two other kids .,0
boys are playing football in the grass .,0
boys play football in the grass .,0
kids are resting after playing football,0
dog is playing with a football in the snow .,0
young girl in a green shirt playing basketball .,5
young basketball player moves into the front court .,5
play basketball on a court .,0
young boys play basketball .,0
children are playing a basketball game on a basketball court .,5
small boys play basketball indoors .,5
small boys playing basketball .,0
elderly woman in burgundy scratches her face as she observes a young man in a blue jacket and white baseball cap .,0
boy playing basketball in a gym,0
young boy holding a basketball about to shoot .,0
young boy , playing basketball , is getting ready to take a shot .,5
boy in the white jersey is dribbling the orange Wizards basketball .,0
child holds a football and runs from other children .,5
young boy in a blue uniform running with a football while playing a game of flag football .,5
young boy weating blue shorts and cleats holding a football running from other boys .,5
young male carrying a football and running while two other boys run behind him .,0
man with a baseball cap on backwards is holding a cup,0
boy with red shorts is holding a basketball in a basketball court .,0
young boy is playing basketball in an official game .,0
boy is playing basketball .,0
boy runs with the basketball while looking up .,5
children are playing basketball indoors .,5
boy holds a basketball during a game , while others watch .,5
boy is holding a basketball in one hand .,0
boy is running with a basketball in his hands .,0
boy throws a basketball during a game .,0
young boy plays basketball while a few people behind him look on .,0
basketball player in a duke uniform looks up .,0
are three basketball players,0
men in basketball uniforms looking at something .,5
basketball players from duke are looking upward .,5
basketball players watching the ball .,0
boy in a black shirt is grabbing the flag of the boy in the red shirt with the football .,5
boys are playing flag football .,5
boys playing a game of flag football .,0
boys with mouthguards and one is holding a football while the other reaches for him .,0
football players with mouthguards .,0
young boy on a basketball team dribbles the ball .,0
young boy playing basketball in a gym , wearing a uniform .,0
boy in the royal blue basketball uniform is dribbling the ball down court .,5
boy runs across the court with the basketballs .,0
young boy is running while bouncing a basketball .,0
kid in a yellow jacket and blue baseball cap jumping from a rock .,0
dog tries to play with a basketball in the snow .,5
man wearing a black shirt and baseball cap smiling .,0
young boy singing at a large baseball off of a tee .,5
young boy swings a bat at a large baseball .,0
little boy is wearing a blue shirt and playing baseball .,0
boy plays basketball .,0
boy wearing blue shorts is bouncing a basketball in front of the net .,0
little boy plays with a basketball and a toy basketball hoop .,5
boy playing basketball in the grass,0
child in the blue shorts dribbled the basketball .,5
football game .,0
Oklahoma football player standing,0
play just beginning during a football game .,5
players playing a football game .,0
football player number 50 plays in a game .,5
football player dodges a tackle from his opponent .,0
football player in red chases a football player in blue .,5
football player in red is trying to tackle another player who has the ball .,0
football player wears a jersey wuth the number " 4 " on it .,5
football player in the gold helmet is running .,0
discouraged looking football coach .,5
football coach holds a headset .,0
man runs on the football field carrying the ball in front of the ref .,0
man runs with the football at a professional or collegiate game .,5
American footballer in a white and purple strip is making a run with the ball .,5
UW football player runs with the ball .,0
football player runs with the ball across the field .,0
football coach watches a play being made .,5
crowd wearing red , cheers on the red football team .,0
players in red congratulate each other as crowds in red cheer behind .,0
Oklahoma Sooners football team discuss their game while fans cheer .,5
football players talk during a game .,5
Oklahoma Sooner football players talk on the sideline .,5
two football players in white jerseys and purple pants tackle the player in the red jersey .,0
football players are tackling a red uniformed football player during a football game .,0
football players in purple uniforms try to tackle a player in a red uniform .,0
football players try to tackle a player of the opposite team .,5
smiling dancer dressed in red is on the football field with fans in the stadium bleachers behind her .,0
man tackles another man while playing football .,5
playing football .,0
football player in a red jersey jumping onto a player wearing a white jersey,0
American footballer wearing red is pushing the player in white to the ground .,5
football players bang into each other during a football game .,5
group of football players are playing football .,0
quarterback gets ready to throw the football .,0
quarterback ready to pass the football in the middle of a play .,0
quarterback scans the football field while the offensive line protects him .,5
coach talks to a football player during a timeout .,5
football coach speaks with a player .,0
football player in red and white is talking to a coach .,5
talks with football player , other players and crowd in background .,5
is a football player in a red jersey on the field talking to his coach .,5
coach speaking to a football player while everyone watches .,5
football player from OU talks to the coach about the game .,5
football player is talking to his coach .,5
coaching official and football player are talking in front a crowd and other team members .,0
cheerleaders are sitting at a football game .,5
football player in a red jersey getting his knee looked at by another man,5
man is checking out an injured football player at a game .,0
injured football player is being nursed on the field in the middle of a game .,5
men examine a football players leg .,0
football player is trying to tackle another one .,0
football player tries to tackle a player on the opposing team .,5
football player in red keeps the football away from the player in purple and white .,0
football player in white is defending against the player in red who is running with the ball .,5
University 's Sooners football team playing against a rival .,5
football players are in action on the field,5
football players playing a game while fans watch from the bleachers .,5
American footballers in red are confronted by an opposition player in purple and white whilst being watched by spectators in a stadium .,0
football players attempt to advance the ball against a would be tackler .,5
college football game is in progress .,5
football player runs along the sidelines with a football as a crowd watches .,5
American footballer in a red strip is running down the side of the field with the ball .,5
football player is running with a football trying to score .,0
football player is trying to outrun his opponent .,0
football player from the Sooners is about to be taken down by the opposing team in a game .,5
football player tries tackling another player who has the ball .,5
Sooners football player eluding the tackle of two Huskies defenders .,0
football player is running with the ball as a player of the opposing team grabs his leg,5
Sooner football player carrying the ball is trying to avoid being tackled .,0
horse mascot gives high fives to some football fans .,0
players on the field as a Sooner tries to tackle a player,5
playing football in front of large crowd in stadium,0
football player running after a Wisconsin player during a game .,0
football players are running on the field while a large crowd is watching,0
football players turn as a crowd wearing red watches .,5
crowd is standing and cheering at a football game .,0
crowd of people watching a football game with a player wearing red and cheerleaders also wearing red .,0
football player is grabbing the ankle of another player who is holding the ball .,0
Oklahoma football player is about to score .,5
fans at a football game cheer while the player runs towards the endzone .,5
football player is kicking the ball while the opposing fans watch .,5
football player kicks the ball during a game with a red shirted crowd looking on .,0
male wearing a football uniform kicking a football during a football game .,5
man punting a football as fans from the opposing team watch in the background,5
Sooners play another football team , number 17 goes after the ball .,5
man in a baseball hat and sunglasses watching an event in a crowd .,0
man in sunglasses and a baseball cap stands beside a TV cameraman in stadium full of people .,0
man in the gray shirt has a blue baseball cap on .,5
football player is in action among other players .,5
football player points .,0
African-American football player , wearing jersey number 12 for the University of Oklahoma , throws a football to his left .,5
a football field , there is a played in a red jersey and the crowd is behind him .,0
football players in a stadium,0
American footballer in red is being tackled by three players in white whilst other red players look on .,5
Oklahoma player is tackled playing football,5
player being tackled by group of other players on field .,0
players are tackling a football player carrying the football .,0
football player is being tackled .,0
group of football players running down the field .,0
crowd is watching a football game .,0
football players in red are attempting a play against those in purple , white , and gold .,5
man in red has the football , and the team in white is nearby .,5
Oklahoma Sooners playing football against another team , one of the sooners with the ball in their possession .,5
group of men play a college football game .,5
red team and a white team are playing football .,0
players avoiding a fumble .,0
football player in red is running with the all towards the player in white .,5
football players are wearing red and white , and the crowd is also wearing red and white .,0
football player clutches the ball while running down the field .,0
football player running with the ball .,0
football player running with the ball at a game .,0
football player wearing a gold helmet runs holding a football .,0
American footballer in a white strip is making a run with the ball .,5
bunch of football players , and a crowd .,0
football game .,0
large group of football players about to start a game with a large group watching,0
football teams at the line of scrimmage,0
football teams lined up before the hike .,5
football player passes the football to a teammate as the crowd looks on .,0
quarterback hands off the football to a running back .,5
football players wear purple pants , gold helmets and white jerseys .,0
football players fight to gain possession of the ball .,0
football players make a play , while the other team looks on .,0
football player runs with a ball , chased by the opposing team .,0
football player runs with the ball as others run towards him .,5
player has the football as a crowd in red and white watches,5
American football team in white are attempting to stop the player in red who is running with the ball .,5
teams playing a football game in a packed stadium,0
football player in blue and one in red play in a game .,0
Sooners football player moves quickly on the field as another player runs .,0
two players , on opposite teams , are in the middle of a football game , while others watch .,5
men play football .,0
football player getting tackle,5
football player is tackled .,0
football players in red jerseys taking another in a white jersey to the ground,0
football players from red team tackling one player from white team .,0
football players tackle another player who is holding a ball .,0
red uniformed football player tackles an opposing player .,5
football player is tackling another player .,0
are two football players in red jerseys tackling a man wearing a white jersey,0
football players and two are fighting for the ball .,0
football players are tackling one player of the opposite team .,0
football player in a purple uniform holds the ball while a player in red tries to tackle him .,5
football player in white is being tackled by a Oklahoma University player .,5
American footballer in a red outfit is attacking the player in white who is running with the ball , whilst other players are nearby .,0
Sooners football player is tackling an opposing player .,5
football player in red and white is holding both hands up .,0
players gather around the referees .,0
players gathering to contest something to collaborating officials .,0
University football players in front of a crowd of Sooners fans and next to three referees .,0
red and white football team is talking with the officials .,0
Sooners football player in his red and white uniform being lifted by two teamates dressed the same .,5
players in red and white are jumping and hugging .,0
football players in the red and white team uniforms are jumping up and down .,0
football players wearing red jerseys are on the field .,0
player Quarterback in red Sooners jersey and red helmet prepares to receive snap,0
players huddle and get ready for the game .,0
players stand at the line of scrimmage .,0
Sooner football players on the field .,0
football game in progress .,0
players are on the field .,0
play football as a crowd watches .,5
waiting for snap of football .,0
football teams compete .,0
football player being tackled from behind by another player from a different team in front of a crowd .,0
football player in a Sooners jersey , runs down a field with a large crowd in the background .,5
football player in red being tackled by opponents in white .,0
football player wearing a number 23 white jersey tackles a football player wearing a red , number three jersey while fans cheer .,0
football tackle in progress with a crowd in the background .,5
football player tries diving after another player .,5
pro football player tackles another player on the goal line in a crowded stadium .,5
player in white and purple uniform with legs being tackled by player in red and white uniform .,5
player tackling another player in a football game .,0
red football player is grabbing the purple and white player 's leg to try and stop him .,5
football layer wearing a red shirt .,0
football player facing off against two others .,0
football player for the Sooners stands in front of the oppsing team waiting for the next play .,0
football player in a red uniform is standing in front of other football players in a stadium .,0
football player for the Sooners is preparing for the next play during a game .,0
football player in a Sooners uniform .,0
football player wearing a Sooners uniform with the number 42 .,5
man in a red football uniform prepares to play .,0
football player dressed in red looks down field .,0
football player kicks the ball .,0
Oklahoma football player attempts to kick the ball .,5
player for the Oklahoma Sooners football team punts the ball during a game .,0
University kicker , kicking the football,5
football player in red kicks off the ball .,0
football player holding a football .,0
football player in red gets ready to throw a football .,0
lone football player wearing a red and white jersay holding a football .,0
football player dressed in red and white gets ready to throw the ball .,5
football player gets ready to throw the ball .,0
football coach standing with his players behind him .,0
group of football players in gold helmets stand around a man in a purple shirt .,0
group of footballs players is standing behind a coaching official .,0
man in blue shirt is surrounded by football players .,5
man surrounded by football players .,5
coach in a white polo shirt on a football field,0
football coach is walking on a football field .,0
man in a white shirt is walking on a football field in front of some players .,0
man on the coaching staff for OU has sunglasses on his head during a football game .,5
team manager out on the football field during a game .,0
football team doing excercises,0
football team doing their stretches before the game starts .,5
players are stretching together .,5
football players are working on stretching their legs .,5
four football players in red stretch on the green turf .,5
Americans play football .,5
group of football players in red and white uniforms .,0
large group of football players sitting on a field wearing red and white jerseys .,0
football players sitting on the ground .,5
men in football uniforms sit on the grass , looking unhappy .,0
fan checks his cellphone while watching a football game .,5
man in a red shirt is watching a football game .,0
man in red holds up a cellphone on the sidelines of football game .,5
man in red takes cellphone pictures at a football game .,5
man is wearing a Sooners red football shirt and helmet .,0
Oklahoma Sooners football player wearing his jersey number 28 .,5
Sooners football player weas the number 28 and black armbands .,5
in red and white football uniform,0
American footballer is wearing a red and white strip .,5
football player is in a red and white uniform Sooners # 28 .,5
large football player in a red uniform,0
man in a red football uniform and helmet looks to the left .,0
Oklahoma football player watches the game from the sidelines .,5
football team wears red shirts and red helmets .,0
closeup photo of a football player for the Sooners team who is wearing a red jersey with the number 19 .,0
football player with a red Sooners jersey on .,0
man wearing a red football uniform and gray gloves looks to the left .,5
American footballer is wearing a red and white strip .,5
in playing football in Sooners jersey number 19,5
child in an orange shirt holding a baseball bat watches the ball thrown at him .,5
young boy is getting ready to hit a baseball .,5
young man wearing a yellow shirt and baseball helemt swinging a bat,0
in yellow shirt getting ready to hit orange ball with baseball bat,5
little boy is holding a skinny baseball bat while standing between two rows of blue seats .,0
boy wearing a black shirt and blue jeans is holding a red baseball bat .,0
boy plays baseball .,0
little boy plays baseball with himself .,0
young boy wearing blue is holding a blue baseball bat and holding a white ball in his hand .,0
group of baseball players wearing blue uniforms walk across the grass .,0
men 's baseball team leaving the field,5
team of baseball players in blue uniforms , walking together on field .,5
members of a baseball team walk across the diamond .,5
boy standing on a football field with a colored ball .,0
little boy stands at a football field and prepares to kick a child 's play ball .,5
boy baseball player in a green and yellow jersey leaps for the ball .,5
boy chasing a baseball .,0
little boy playing baseball goes for the ball on the ground .,5
young boy dives to catch the ball during a baseball game .,0
little boy kneels and prepares to throw a basketball .,5
little boy starts to toss a mini basketball .,0
little boy throws a basketball .,0
boy in yellow shorts kicks a soccer ball in a basketball court .,5
little boy in orange shorts and flip-flops plays soccer on a basketball court .,5
boy kicking pink soccer ball on a basketball court .,5
man wearing a baseball uniform swings back with a large bat .,0
baseball player holds up his bat ready to swing .,0
boy in a yellow uniform carrying a football is blocking another boy in a blue uniform .,5
football player in a yellow jersey is pushing away another player .,5
young football player is trying to avoid being tackled .,0
boys playing football on opposing teams .,0
young football players wearing blue and yellow uniforms fight for the ball .,0
player has fallen on the court while another grabs at the ball from out of frame .,0
basketball players are scrambling for the ball on the court .,0
basketball players , one on the floor , struggle to gain possession of a basketball .,5
high school basketball players reach to grab the ball , one falling to the floor .,0
men in uniforms playing basketball , struggle for the ball .,5
boy in an orange jersey is about to pitch a baseball .,0
little boy in orange pitching at a baseball game .,0
young boy in an orange uniform is pitching a baseball during a game .,0
boy gets ready to shoot a basketball .,0
boy is holding a basketball up in front of a white house .,0
boy looking intently , holding a blue basketball , a white house in the background .,5
man is shooting a blue basketball .,0
youn man in front of a white house holding blue and red basketball .,0
boys with wearing baseball caps are sticking out green stained tongues .,0
young boys wearing collared shirts and baseball caps have their blue-tinted tongues stuck out .,0
man in a red baseball cap eats a chip .,0
catcher in a red and white uniform plays at a baseball game .,0
lady with a baseball cap on talking on he cellphone,0
small child swings back a red baseball bat .,5
boy in a red and white shirt kicks a large baseball while surrounded by people .,5
boy kicks a giant baseball while a group of children watch .,5
boy kicks a really large baseball,0
are outside playing with an oversized baseball .,0
baseball hitter holding a bat falling down .,0
baseball player runs on the field .,0
boy at bat playing a baseball game falls to the ground while onlookers watch .,0
baseball player , dressed in red and white uniform and holding a bat , is falling after being hit by a pitch .,0
man with no shirt and wearing sunglasses is holding a football .,5
man with no shirt on is holding a football .,0
shirtless man catches a football,0
shirtless man playing football on a lawn .,5
young topless man wearing sunglasses and shorts is holding a football .,5
men are jumping into the air to catch the football .,0
men play football .,0
guy skateboarding on a basketball court,5
in the water with a basketball and a person on horseback .,0
dogs are playing near water next to a deflated basketball .,0
dogs stand on sand surrounded by water , a deflated basketball and a person on a horse .,0
dog catches a Frisbee at a baseball field during a game .,5
woman is using Frisbees to play with a dog in front of a stadium crowd and a group of baseball players .,0
and dog do Frisbee tricks as crowd watches in baseball stadium .,0
girl basketball player wearing blue is blocking another girl player wearing yellow .,0
group of people gather on a basketball court as one person jumps for the ball .,5
players jumping up for the ball during a game .,0
are playing basketball .,0
teams of players playing basketball on a court outside .,0
people , one wearing a t-shirt and baseball cap , are seated on a bus .,0
football player in a full stadium jumping and recieving a football .,0
American footballer in yellow catches the ball whilst under pressure from the payer in white .,5
football players playing football before a huge crowd .,0
football players run into each other .,0
men vie for a football .,0
baseball player , a woman with Frisbees , and a dog in front of blue bleachers .,0
woman thows a Frisbee to a dog as a baseball player in uniform runs behind her .,5
girl does freestyle Frisbee tricks with her dog at the baseball park .,0
baseball player is tagged out sliding into second base .,0
baseball player slides toward a base .,0
men playing baseball .,0
children playing basketball .,5
people are playing basketball on a plank deck outdoors .,0
people playing basketball on wooden area near the beach .,5
playing basketball on a wood deck .,0
man holds a baseball hat above his head with a pole .,0
little boy playing baseball outside wearing flip flops .,0
little boy preparing to hit a baseball,0
small boy wearing a red shirt swinging a baseball bat,0
young boy gets ready to swing his baseball bat .,0
football player has the number 25 .,5
football player , his helmet half off , looking at the ground .,0
football player wearing a white uniform walks and looks down .,5
university of Miami football player # 25 .,5
of football player # 25 .,5
football player prepares to throw the ball .,0
guy with a football , a crowd watching him .,0
man wearing a white uniform is playing football .,0
football player is preparing to make a play with onlookers nearby .,5
group of football players huddled together in the middle of the field .,5
group of football players wearing orange and blue uniforms gather together on the field .,5
players in blue and orange uniforms are huddled together and hugging each other .,5
players in uniform embrace one another .,0
football player in a blue and yellow uniform is tackling another player in a white and gold uniform .,0
on a football team scuffle in an attempt to get the ball .,5
football players are tackling an opposing football player with a referee nearby .,5
football players are tackling a third while a referee watches .,5
football players tackle another football player .,0
little boy in a blue jacket hits a baseball .,0
football player in mid stride holding a football .,5
football player is running with a football .,0
football player with a football is being pursued by another player .,0
american footballer in a white strip who is carrying the ball is being pursued by another player in a black strip .,0
football player holding the ball is chased by another football player from the opposing team,0
football player being tackled during a game .,0
football player has his arms wrapped around the person holding the ball .,5
football player in orange being tackled by a player in blue .,0
young boy wearing orange is running with the football as the boy in blue tries to wrestle him to the ground .,5
in orange jersey has the football and is being tackled .,0
football fan showing his devotion by painting his face .,5
person with the face paint and football jersey is sitting in bleachers,5
dog splashing in a small pool with a small football .,5
youth riding a skateboard is airborne amongst the basketball courts .,0
football player carries the ball during a game .,0
football player catches the ball as another tries to tackle him .,5
football player in an orange jersey tries to escape with the ball from the tackler .,5
football player is getting tackled .,5
football player in the orange uniform has the ball in his arms .,0
holder and kicker for a football team dressed in orange , white and black play while onlookers behind them watch .,0
kicker launches the football forward while the holder checks his fingers .,5
football player wearing a white helmet and orange chairs swing his leg while the player next to him kneels .,0
football player are in the kick off position in front of a crowd .,0
young men on the same football team are wearing orange and white uniforms and playing on an outside field while coaches and other players watch .,5
little girl in a football jersy and pink snow hat is standing on a football field .,0
football player wearing an orange jersey and one wearing a white jersey are set at the starting line .,0
college football players about to face off .,5
football players are getting ready to tackle each other,5
football players , one in an orange jersey and one in a white jersey , play on the field .,0
rival football players head to head .,0
playing , basketball ball in air,0
group of boys play basketball outside of a brown building .,5
people stand on a basketball court as a ball flies through the air .,5
teen boys playing basketball outside,0
teens watching a basketball in the air .,0
bunch of football players on top of each other .,5
group of people playing football form a big pile .,0
referee is watching a professional football game in the grass .,5
players in the middle of a play .,0
players making a tackle with the referee in the foreground .,5
football player is running with the ball .,0
football player running with football under his arm .,0
man in a football uniform is running with a football during a game .,0
man in a blue jersey is running holding a football,0
football player in black runs with the football .,0
man in a white jacket and blue baseball cap .,0
group of basketball players wearing yellow and green reach for a ball .,0
players shoot for a goal during a game .,5
men jumping in a basketball game,0
this picture all men from both basketball teams with red and green jerseys are jumping .,0
man on the yellow basketball team tries to score while the men on the opposing team try to block his shot .,0
football player wearing an orange jersey holding a football,0
football player wearing an orange uniform smiling and holding the football .,0
man in an orange jersey with the letter " 12 " on it plays football .,5
University of Miami player holds a football .,0
12 in orange gets ready to throw the football .,0
players wearing orange uniforms are tackling a player in a white uniform,0
tackle in a football game .,0
footballers in a tackle .,0
men are involved in a football game are tackling each other .,5
players take down the player with the ball in a football game,0
football player runs with the ball , chased by members of the opposing team,0
running back running with the football .,0
football players are running on the grassy field .,0
playing football .,0
teams compete in football .,0
football player catching the football .,0
football player in a brown jersey jumping up to catch a football,0
football player jumps up to catch the ball while others run towards him .,5
players playing football .,0
football player jumps into the air to catch a football .,0
football running back getting tackled,5
player tackles a player who has the ball , as a third player watches .,5
football player attempts to get the ball from another football player who is running .,5
American footballer in brown is tackling the player in whit who is running with the ball .,5
is a football game in progress .,0
girl is catching a baseball before an opponent touches base .,0
group of little boys play football in uniforms .,0
in uniforms , pads and halmets play football,0
children , in uniforms of two different teams , are playing football .,5
young boys dressed in uniform play football .,0
boys ' football teams compete on the field .,0
adolescents play football in a residential yard while an older man watches .,0
football game is played .,5
football teams play a game .,0
football teams playing a game,0
football teams play on the field .,0
teams of football players about to start a game .,0
men react as a football flies overhead .,0
men with football in air,0
small black brown and white dog catches a football in midair as a man and child look on .,5
white dog with spot on back leaping in air with football in mouth with small boy and man watching .,0
boy in football gear running with the football,0
child runs with a football .,5
in football uniform running on grass .,0
boy in the red jersey runs with the football .,0
boy is clutching the football and making a run for a touchdown while looking behind him .,0
football player in a gold helmet is running with a football .,0
football player in a purple jersey is running the ball in for a touchdown .,0
football player runs across the field as the referee blows his whistle .,5
football player runs past an official carrying a football .,0
football player runs the ball past the referee .,5
football player folding a football during a game in the mud,5
footballers in yellow outfits are playing in a very muddy field .,0
young football player in a muddy , yellow and blue uniform carrying a football with other muddy players run behind him .,0
players playing in mud .,5
players playing in the mud .,5
baseball player argues with the catcher .,0
pitcher and catcher celebrate striking another baseball player out in a pro game .,0
baseball players near the pitching mound are celebrating as the batsman walks away .,5
professional baseball players during a game , one more in the background .,0
Miami basketball player .,0
orange-clad Miami basketball player dribbles the ball while another man blocks,0
tall black man playing basketball .,0
basketball player is wearing an orange uniform and holding a basketball .,0
men play basketball ,,0
basketball player looks for someone to pass the ball to .,0
man on the Miami basketball team holds the ball getting ready to make a move while being blocked .,5
player holding the ball .,0
basketball player holds the ball and looks across the court .,0
man is wearing an orange uniform and holding a basketball .,0
basketball player in orange has the ball while another in blue tries to block him .,5
basketball player in orange is keeping the ball from a player in blue .,0
basketball player in blue is challenging the player in orange for the ball .,0
basketball player in the blue uniform is guarding the player in the orange uniform , who has the ball .,0
teams compete in a basketball game .,0
basketball player wearing an orange uniform looks backwards .,0
basketball player in the orange jersey is being guarded by the player in the blue jersey .,0
basketball player looks around the court as another player tries to block him .,5
men from opposite teams playing basketball .,0
men play basketball .,0
man in a Miami basketball uniform looking to the right,0
Miami basketball player looks off in the distance .,5
Miami basketball player is looking .,5
baseball player swinging a bat,0
baseball player running toward a base with another waiting on the base,0
two people are in baseball uniforms , making a play at base .,5
men playing baseball with the one in the black and red jersey running toward base .,0
people playing baseball .,0
boy in a baseball cap jumps over a flight of stairs .,5
boy , wearing a baseball cap , jumps in the air near some steps .,0
is a boy wearing jeans and a baseball cap jumping in the air .,0
young boy in a red football jersey makes a large gesture as he stands in the midst of pumpkins .,0
baseball pitcher is bowling the ball .,0
man playing baseball , throwing the ball .,0
guy is in a baseball uniform , in a baseball field , and is throwing a baseball,5
group of men playing against each other in a football match .,0
man catches a football in midair while jumping into a pool .,0
basketball game,0
group of athletes playing a basketball game,0
group of basketball players jump in the air for the ball .,0
players participate in a game .,0
and yellow teams are trying to get the basketball in the goal .,5
fencing class takes place on a basketball court .,0
people are fencing on a basketball court .,0
basketball player in a white uniform is making a jump shot against a team wearing black uniforms .,0
basketball player takes a shot .,0
players leap for the ball while the crowd watches .,5
player in white uniform leaping to make a shot while being blocked by player in black .,5
football players are preparing for the next play .,0
football players in hike formation .,0
football players preparing to hike a football .,0
people wearing blue , red , and white football uniforms crouched over as though in play .,0
players in red white and blue football uniforms squat down on the field .,0
basketball players in action .,5
men playing basketball , two from each team .,0
boys in green and white uniforms play basketball with two boys in blue and white uniforms .,5
men playing basketball in a competition .,0
little girl pounces a punching bag on a football field .,5
girl in a pink shirt tackles the football equipment on the field .,5
large crowd of people wait in line to get into a football game .,0
of dirty men play football .,5
play football .,0
basketball player shooting while another player is trying to block his shot .,5
basketball player tries to block another .,5
basketball players reaching for a ball .,0
men are playing Basketball,5
men jump for the basketball .,0
basketball player defends another player .,0
man with a basketball blocks an attempt to take his ball .,5
runs by other man with basketball at a game .,0
men are playing during a basketball game .,0
bald basketball player is standing on a court with the ball in his right hand .,0
basketball player holding a ball with Miami 5 on his shirt .,0
guy playing basketball .,0
Miami basketball player with basketball in right hand on court .,0
five of the University of Miami men 's basketball team has the ball .,5
basketball player attempts to get the basketball from another player .,5
paced basketball action,5
basketball player wearing the white outfit and orange sneakers is doing a lay up .,0
men are playing basketball,0
basketball player is about to make a lay-up .,5
basketball players , in front of a crowd .,0
and Clemson playing a basketball game , one player about to lay the ball in,0
basketball player in white is jumping up to score a point against the orange team .,5
bunch of football players in blue .,0
football team in blue uniforms run out of a smoke cloud .,0
group of football players wearing blue uniforms run down a foggy field .,0
large group of football players in blue jerseys running through the field .,0
American footballers in blue are doing a victory run towards camera .,0
black man is dunking a basketball while another man jostles him on the court .,0
man in a white jersey is slam dunking a basketball .,0
man with jersey 23 is dunking the ball at a basketball game .,5
person in uniform dunking a basketball .,0
number 23 dunks the basketball into the net with a crowd in the background .,5
basketball player gets ready for the shot .,0
basketball player is looking up and set to throw the ball .,0
men 's basketball player # 33 shooting basketball .,5
basketball player is holding a basketball getting ready to take a shot .,5
Florida basketball player is preparing to shoot the ball .,0
basketball player holds the ball during a game .,0
with a basketball in a Florida uniform .,0
basketball player in white is holding an orange basketball .,0
basketball player is wearing a Florida jersey .,0
boys playing flag football with purple jerseys .,0
children are playing flag football together .,5
children are playing with a football on the grass .,5
little boys playing flag football in purple jerseys .,0
basketball player preparing to shoot the ball,0
basketball player takes a shot .,0
black man playing basketball with orange shoes,0
player with 32 on jersey jumps to make a shot , crowd in background .,5
basketball player shooting,0
basketball,0
basketball player dribbles the ball .,0
Miami basketball player dribbles the ball and looks serious .,0
Miami Hurricanes basketball player has possession of the ball .,0
basketball player in the white strip is dribbling the ball on the court .,5
bald man dribbles a basketball while wearing a Miami jersey .,0
playing basketball , jersey number 5 .,5
five plays basketball for Miami .,0
basketball player is wearing orange sneakers .,0
white dog with black spots is catching a baseball with its mouth .,0
basketball players are grabbing for the ball during a game .,0
basketball player in white holds the ball .,0
basketball players leap to grab a ball .,5
men are playing a game of basketball,0
men are playing basketball .,0
basketball player wearing a red and white jersey while running down the court .,0
dark skinned man in a white sports outfit plays basketball .,0
man dribbles a ball during a basketball game .,0
SMU basketball player playing basketball .,0
SMU basketball player drives to the basket .,0
basketball player leaps with the ball while opponents try to block him .,5
pro basketball player in a white Miami uniform makes a defensive move .,5
players try to block a ball from going into the goal .,5
in a Miami basketball uniform jumping to make a shot .,5
basketball player is number 21 from Miami .,5
basketball player in the air about to make a shot .,5
basketball player jumps up with the ball as two others watch .,5
school basketball game is in progress .,5
player from Eastern goes between two defenders for a shot .,0
playing a basketball game .,0
basketball player in a red uniform is holding the ball while a player in a white uniform is trying to block him .,5
basketball player with a ball and defenders .,0
rival teams are playing basketball .,0
basketball teams playing a game on the court .,0
basketball player dribbles the ball while another blocks him and an official looks on .,0
basketball player in a whit outfit is dribbling the ball around a player in a red outfit as the referee looks on .,0
Miami basketball player dribbles by an Arizona State player .,0
referee watches two basketball players playing basketball .,5
guard drives towards the basket during a college basketball game .,5
basketball player in white leaps up at the net .,0
basketball player is jumping and holding a basketball over the net .,0
basketball player slam dunks the ball .,0
man jumps with a basketball to make a hoop .,5
basketball player is dropping the basketball into the net .,0
basketball player wearing a black and white uniform dribbles the ball .,0
a women 's basketball game , a white skinned woman dribbles against the Chicago defense .,0
players in action .,5
basketball player in white is dribbling the ball towards the player in black .,5
in white dribbling basketball .,0
man contorts his body as he plays baseball .,5
basketball player jumps for a shot while another attempts to block him .,5
in blue and white uniform shooting basketball being blocked by man in white and red .,0
basketball players oppose each other at the net .,0
men are playing basketball and one is trying to block the other .,5
men , one with a ball and a blue uniform , and the other in a white uniform are playing basketball .,0
group of boys are playing basketball and a boy in a brown shirt is throwing a basketball into the basket .,0
man jumps up towards the basketball hoop as others watch .,5
man wearing a brown shirt throwing the basketball into the basket .,0
people play basketball outside .,0
basketball player performing a lay-up .,5
boy in a blue basketball uniform , number 13 and a boy in a white basketball uniform , number 23 jump for the ball .,0
man in a white uniform jumps while holding a basketball as another in blue blocks him .,0
player wearing a white , number 23 jersey jumps up with the ball while guarded by number 13 on the opposite team .,0
man in white is playing basketball against the man in blue .,0
basketball player in white is trying to defend against the player in black who is dribbling the ball .,5
african american runs with a basketball as a caucasion tries to take the ball from him .,0
in black uniform dribbling basketball away from guy in white uniform,0
teams are playing basketball as one man is driving towards the hoop .,5
player attempts to get ball from black player on basketball court .,5
basketball player tries to aim for the goal while being blocked by other players .,0
basketball player with several blockers .,0
group of high school basketball players play a game .,5
group of basketball players trying to get the ball from another player .,0
young man in a white uniform holds a basketball surrounded by members of the opposing team wearing green .,5
basketball player in blue is attempting to block a player in white during a game .,5
men are playing basketball .,0
basketball players play in a game .,0
black men playing basketball in a gym .,0
men from opposite teams play basketball together .,5
basketball player jumps to make the shot while another tries to stop him .,5
in blue sport uniform with basketball in right hand attempting to score basket while being blocked by player in white uniform .,0
basketball player in white is defending the basket against the player wearing blue .,0
basketball players oppose each other at the net .,0
men are playing basketball and one is trying to block the others shot .,5
basketball player in a blue jersey holds the ball high .,0
basketball player is getting ready to shoot a hoop,5
man in blue uniform about to throw a basketball .,0
man wearing a blue basketball jersey is shooting the basketball .,0
basketball player concentrating on keeping the ball from other players .,0
basketball player holding a basketball .,0
basketball player in blue is running between two players in white .,0
man in blue has the basketball while the man on the left watches and the man on the right tries to stop him .,0
basketball teams compete .,0
basketball player dribbles .,0
basketball player for North Carolina moves with the ball in hand .,0
man in a blue jersey plays basketball .,0
North Carolina basketball player dribbles the ball .,0
basketball player holds the ball .,0
basketball player in red is challenging the player in white for the ball .,0
teenagers are fighting over a basketball during a game .,0
basketball players fighting over control of a ball .,0
basketball players struggle for the ball .,5
males , one in red and one in white playing a basketball game .,0
boy leans on a baseball bat and holds out one arm outstreached .,0
young boy poses in a field with a baseball bat .,0
young boy with a baseball bat holing his arm out .,5
boy is wearing a green cap and holding a black baseball bat .,0
baseball players are on the field while a large crowd is watching,0
boy wearing a shirt with an American flag plays with a basketball on the blacktop .,5
boy with a basketball .,0
young boy playing basketball .,0
with american flag shirt bounces basketball .,5
basketball player from one team making a rebound while three players oppose him .,0
basketball player in orange has the ball while three others in blue and white defend .,5
player in orange trying to score through three men from the opposing team .,0
men are playing in a basketball game .,0
basketball players in white are defending against the attacking player with the ball in orange .,5
little girl plays on a toy basketball game .,5
holding a beer throws a basketball where a little girl is playing .,0
baby in the red outfit is sitting in the middle of a basketball arcade game .,5
is a man shooting basketballs next to a toddler .,0
basketball player in black jumps , while another in white attempts to block .,5
boy wearing a black jersey holding a basketball while another is behind him trying to get the ball,0
basketball players fighting over the ball .,0
male basketball players are fighting over a basketball .,0
young men play basketball while crowd looks on,0
basketball player aims for the goal .,5
basketball player gets ready to shoot .,0
basketball player has jumped in the air to shoot the basketball .,5
basketball player in white jumping to throw the ball , audience in the back .,5
is a college basketball player shooting a jumped .,5
woman in a white baseball hat reveals her tan line to her friend , who wears a sun hat,0
baseball player in a blue uniform has just released the baseball on the sidelines .,0
baseball player is following through with an action nearby a teammate .,5
baseball player strains to throw a ball .,5
yougn boy in a blue and white baseball uniform throwing a baseball while tucking his glove close to his body .,5
baseball player wearing blue is throwing the ball .,0
play football .,0
baseball player swings at a baseball .,0
in blue and white uniforms are on the field playing baseball .,0
crouches behind baseball hitter .,0
basketball player for Miami U. pushes forward .,5
basketball player runs while another tries to block him .,5
basketball player runs while dribbling the ball .,0
blows whistle as basketball player attempts to block another with the ball .,5
guy in the white uniform has a basketball in his hand .,0
basketball player dribbles the ball during a game .,0
basketball player wearing a white uniform is dribbling the ball on the court .,0
man wearing a white uniform dribbles the basketball during a game .,0
professional basketball player dribbles the ball around the opposing player .,0
player pushes away opponent,0
basketball player attempting to control the ball near the basket rim .,5
basketball player in a red uniform is trying to make a basket but is being blocked by the opposing team .,5
basketball player is scoring a basket .,0
men jump up for the ball near the hoop in a basketball game .,0
teams playing basketball on a court in a stadium .,0
boy playing basketball , trying to block a shot .,5
basketball player in a white uniform jumps up to block another player in a blue uniform with the ball .,5
boys play basketball .,0
opposing basketball players are making a play with an audience nearby .,5
young flag football team are huddled together .,5
asian man in a black tracksuit is watching students doing exercised on basketball court .,0
people on a basketball court .,0
girl defends the basketball from another player .,5
girl playing basketball attempts a shot while another girl aggresively defends her .,0
participating in a basketball game in front of a crowd .,5
opposing basketball player is making a hook shot over the defender .,5
person in a baseball cap and jeans resting on a brown couch .,0
group of asian women in sports attire , and one woman in the center is wearing a baseball cap .,0
are several asian people , one wearing a baseball cap .,0
baby in a baseball shirt crawls through a tube .,0
basketball player looks upward as a hand reaches for her ball .,5
female basketball player wearing a red uniform is holding a basketball and looking up while an arm is trying to block her .,5
female woman has a basketball in her hands and a determined look on her face .,0
woman basketball player holding the ball grimaces with effort while another player 's arm attempts to block her .,0
woman with a red basketball jersey is holding a basketball and looking up .,0
baseball player is on the field in fronmt of an audience .,5
man is playing with a foam football on the beach .,5
basketball team of 8 girls is doing a hand huddle .,0
group of basketball players in a huddle .,0
players huddle .,0
group of men in camouflage pants , break dancing on a stage at a community baseball field .,5
bald man is attempting to slam dunk a basketball in a game while people in the stands watch .,5
basketball player is jumping and about to dunk a ball in front of a crowd .,0
man reaches toward dunking a basketball while an audience watches .,5
tattooed man dunks a basketball .,5
tattooed basketball player is about to dunk the ball .,5
black and white dog catching a baseball in midair .,0
skinny white dogs with two standing men in baseball caps,0
man in a rugby uniform is grabbing the arm of another man holding a football .,0
men on a playing field , one of them holding a football .,0
boy in a baseball uniform runs the bases .,5
boy is running around the bases in a baseball game .,5
boy runs to a baseball base .,0
child in a baseball uniform runs on a baseball field .,5
young baseball player is running to one of the bases .,5
baseball player throws the ball .,0
boy in the middle of a pitch at a baseball game .,0
pitcher on a mound throws a baseball .,0
teenage boy pitching a baseball .,0
young pitcher is throwing the baseball .,0
participate in a baseball game .,0
baseball players in motion ; one sliding into a base , another running in the background .,0
men playing baseball and the one wearing a red helmet is sliding to the plate .,0
baseball player crouching to catch the ball as a runner slides to safety .,5
boy is sliding towards a base while the baseman is waiting for the ball in a baseball game .,0
Children playing baseball at the park .,0
football player in possession of the ball gets tackled by a football player on the opposing team .,0
football player leaps in the air while another tries to hold onto his foot .,0
football player in orange and white uniform dodges tackle of another player .,0
guys playing football .,0
men during a football game,0
child wearing black and purple playing baseball .,5
catcher in a black uniform on the ground with his glove upraised during a baseball game , while a man UN a white uniform keeps a foot on the base .,0
baseball player is trying to run to a base while the baseman catches the ball .,0
people play baseball on a field at a park .,0
dogs play with purple football .,0
group of basketball players stand on the basketball court .,0
group of men play basketball .,0
play basketball on a wood floor near clear glass doors .,5
men around an indoor basketball hoop .,5
boys playing indoor basketball , one team has black and white uniforms , the other has orange and white .,5
basketball player attempts a layup in a gymnasium .,5
guy is going up for a lay-up on a basketball court .,5
group of men stand in a gymnasium with a basketball .,5
group of young men in a gym take turns scoring in basketball .,0
line of basketball players doing a drill .,5
boys on basketball court .,0
young men playing basketball,0
football player in blue grabs a football player in white for a tackle .,0
football player is being tackled by the rival team .,0
football player is tackling the player with the football as the crowd watches .,5
players on a feild the one on the left in a blue uniform the one on the right in a white one with the fans in the back .,0
football player from the opposite team are holding back the one with the ball .,0
female baseball players reach for the ball .,0
baseball player slides home in a non professional baseball game in an HDR photograph .,0
baseball player in white swings for the ball as the player in brown is waiting to intercept .,5
baseball player punting .,0
baseball player swings at the ball as onlookers watch .,0
baseball player attempts to catch a ball while another runs towards the base .,5
baseball player catches the ball while the batter reaches the base .,0
umpire in a baseball game crouches to catch a ball while an opposing team member runs to homebase .,5
children are playing baseball,5
baseball player is making a play nearby a large sign and boundary of the field .,5
girl catches a baseball .,0
baseball player in a black shirt just tagged a player in a white shirt .,0
woman in a baseball uniform tags another with her mitt .,0
baseball player hitting the ball,0
teenager dressed in a baseball uniform attempting to hit a baseball during a game .,5
baseball player in a red shirt and white pants is swinging the bat towards a yellow ball whilst three people look on .,5
baseball player recoils from an action involving a bat while opposing team members look on .,5
person leans forward to catch a baseball while a runner comes close to the base .,0
girl in a baseball uniform getting ready to throw the ball at a game .,5
female wearing a baseball uniform swinging a bat .,0
woman in a brown strip is taking a swing with a baseball bat at a yellow ball , whilst another woman is waiting on the sideline .,0
boy hits the ball at a baseball game .,0
hits a baseball,0
of the members of a baseball team in brown and white is at bat .,5
baseball player holds his bat and gets ready for the game .,0
boy is getting ready to play baseball .,5
boy plays baseball .,0
person in a blue and white baseball uniform is standing on one foot while holding a bat .,0
player holding a bat .,0
girl in a yellow shirt is throwing a wet football .,0
man in a baseball cap does a skateboard jump on a half pipe .,0
guy jumps to make a basketball shot .,5
men playing basketball on a court with various people in the background .,0
man drives the lane for a shot in the outdoor basketball game .,0
three men are playing basketball on a blacktop .,0
men are playing basketball and one of them blocked the others shot while people play in the back .,5
baseball player trows the ball .,5
player throwing the baseball .,0
man is pitching a baseball on a dirt mound .,0
baseball pitcher in a red and white uniform throws the ball while his teammate watches .,0
baseball pitcher on the mound leaning into his pitch .,0
pitcher throwing a ball at a baseball game,0
is being played by two men in red jerseys by a " pepco " sign .,0
group of boys play basketball together .,5
player makes a shot as other players to try to intercept .,5
teenagers are scrambling for a basketball underneath the net .,0
people are playing basketball outdoors .,0
men playing basketball under a blue sky,5
white dog , two black dogs , and a black and white dog are playing on the edge of a baseball field .,0
dogs are playing at the baseball field .,0
dogs are running on the grass , near a baseball field .,0
dogs run and play on the baseball field .,0
people are kicking a soccer ball in a basketball court .,5
boy holds the bat waiting for the pitch at a baseball game .,0
little boy batting in a baseball game .,0
young boy in a blue and white uniform is up to bat at a baseball game .,0
plays baseball .,0
wearing a blue , white , and yellow baseball uniform about to hit a ball .,0
young boy in a baseball cap jumps into the arms of a man wearing a blue shirt .,0
boy dunks a basketball .,0
boy dunks a basketball on a low hoop by the road .,5
boy jumps up to make a basket in a basketball hoop .,5
boy with a basketball , leaping for the goal .,0
teenage boy is dunking a basketball in a hoop .,5
man wearing a baseball cap leaning against a post .,0
baseball pitcher with Shelton on his shirt throws the ball .,0
baseball player in a black and orange shirt , and with a glove on , pitches the ball .,0
male dressed in a sports outfit tries to catch a baseball .,0
man playing baseball .,0
baseball player is running after the ball .,0
plays baseball in a grass field .,0
brown dog with a baseball in its mouth .,0
dog holding a baseball in his mouth .,0
dog with a baseball in his mouth .,0
man in a pink shirt is standing in a basketball court holding a basketball .,5
young adult male stands with a basketball on a court .,5
holding a basketball wearing red shirt black shorts with something on left leg,5
man in red and black stands outside holding basketball .,0
man with the red shirt is holding a basketball and is in front of a basketball hoop .,5
baseball player just taking a swing at a stadium .,5
baseball player swings the bat as a catcher and umpire watch .,5
batsman is about to swing for a baseball whilst the catcher and referee wait behind him .,0
ump in black watches a baseball game .,5
baseball player takes a swing .,0
little girl about to hit a baseball off a tee,0
little girl is swinging at a baseball .,5
boys on a black top with a green and yellow basketball .,5
baseball is being thrown at a volleyball net .,0
boy whose head has been replaced by a baseball .,5
Child hits a baseball into a net .,0
child is throwing a baseball into a net .,5
young boy with a baseball obscuring his face through a net .,0
play baseball .,0
playing baseball .,0
baseball player is catching a ball on the field .,0
is a baseball player in a yellow shirt running midfield .,0
guys playing baseball .,0
young baseball player sliding into a base while a dust cloud rises and the other team moves around him .,0
playing baseball , cars parked in the background .,5
little boys are playing baseball .,0
few young boys throwing a football over a volleyball net .,0
are throwing a football on the beach .,5
children are playing a game , with a volleyball net and a football , on the beach .,5
boys play with a football near a volleyball net at the beach .,5
baseball pitcher wearing a white and red uniform caught in midpitch of the ball .,0
baseball player in white uniform throwing baseball,0
profession baseball player pitches a ball in a baseball game .,0
man in the white and red uniform gets ready to throw the baseball .,0
is a man pitching a baseball and has a glove his left hand .,0
Boston baseball player at bat,0
Boston Red Sox baseball player holds the bat waiting for the incoming pitch .,0
man is playing baseball .,0
batter ready to hit the ball,0
baseball player slides to the base .,0
person playing baseball slides for home .,0
baseball players on a field , with four spectators , and a crowd .,0
men on opposite baseball teams dive for a baseball at homebase .,5
man is leaping off of the pool deck to catch a football .,0
baseball player dodges a ball with his bat high in the air .,0
baseball player in a white uniform is walking to base while a crowd of people watch from the bleachers .,0
baseball player near home plate .,0
baseball player raises the bat above his head .,0
baseball player runs to catch the ball .,0
young boy holds his head to a baseball bat on the green grass .,0
young boy is spinning around a baseball bat on the grass .,0
boy puts his forehead on the baseball bat and spins around to make himself dizzy .,0
little boy is wearing red shorts and a white t-shirt and has his head resting on a baseball bat .,5
boy pitches in a baseball game .,0
young baseball player winds up to throw the ball .,5
young person pitches in a baseball game .,0
baseball player is throwing the ball .,0
girls with baseball caps are eating a snack outside .,5
black and white dog stands on the grass with a baseball in his mouth,0
closeup of a small black and white dog with a baseball in its mouth .,0
and white dog holding a baseball in mouth .,0
and white dog with baseball in mouth , field and building .,0
and white dog with a baseball in its mouth .,0
dog is wearing a red baseball cap , and has its mouth wide open .,0
young boy is getting ready to hit a pinata with a blue baseball bat .,5
brown dog dives backwards to catch the football .,0
man with a bushy beard and a baseball cap sits on a park bench .,0
spotted dog playing on a baseball field with another dog .,5
dogs play on a baseball field .,0
watching a guy in a black and green baseball cap skateboarding .,5
opposing footballers play on a field .,0
playing tag football run down the field .,0
kid is chasing another kid who is holding a football .,0
kid is running across a field carrying a football while another is close behind grabbing for his flags .,0
children playing tag football .,5
little boys play football on green grass .,0
boy holding a toy football , runs along a paved path .,5
boy runs past a house carrying a very small plastic foam football .,0
boy runs with a very small football down a paved walkway .,5
person runs with a small football .,0
young boy running on a sidewalk holding a small football .,0
man holds a sign offering to trade a poem for a football ticket .,0
woman in yellow is throwing the football to the woman in brown .,5
girls throwing a football in their backyard .,5
guy and a girl wearing baseball caps and black scarves around their necks .,5
child hits a baseball .,5
little boy hits a baseball while his family watches,5
man wearing red shorts dribbles a basketball behind him .,0
man with no shirt plays basketball .,0
athlete in red shorts is caught frozen during a basketball move .,0
shirtless man in red shorts bouncing a basketball on a court .,0
in red shorts bouncing a basketball .,0
with baseball gloves walking across a baseball field,0
woman playing baseball walks back to her base while her feamle teammate follows .,0
woman with a glove on a baseball field with another woman,5
boy in a red baseball cap eats a Ritz cracker and has a big pink cup of juice,0
wet brown dog is jumping into the air to try and catch a basketball with his mouth .,0
wet brown dog jumps up to get a white basketball .,0
wet dog leaped toward the basketball .,0
little boy in an orange collared shirt is swinging a baseball bat .,0
man with a baseball cap and shiny sunglasses looks down while another bald man looks down .,5
man wearing a backwards baseball cap .,0
man wearing a blue baseball cap is gazing into the distance .,5
man with a beard and a navy blue backwards baseball cap stares intently at something in the distance .,0
person with blue hair , a baseball cap , and a hood on stands outdoors in a crowd .,0
baseball player standing on the field,0
baseball player stands and faces the crowd .,0
baseball player wearing a number 19 shirt looks at the outfield .,5
player looking out into a stadium crowd,0
