8,child in a pink dress is climbing up a set of stairs in an entry way .
8,child practices hitting a baseball into a net , while two adult men watch .
3,man is holding the net for the boy playing baseball .
0,boys baseball team wear their uniforms .
0,boys are all wearing the same baseball hats .
9,boy in blue with a football sprawls in the grass .
6,boy laying on the grass face down with a football at his feet .
6,is lying face down in the grass with his foot on a football .
3,boy is on the ground next to the football .
1,little boy fell face first into the grass while playing football .
0,boy in white plays baseball .
0,young boy is getting ready to through a baseball
8,boy is wearing a white baseball uniform and holding a baseball .
0,young Ohio baseball player contemplates his pitch .
6,man tries to catch a football on grass surrounded by American flags .
0,boy hits a baseball with the bat .
8,boy swings a baseball bat , and a catcher stands behind him .
8,kid hits a baseball during a game .
8,little boy in a teal uniform swinging a baseball bat .
2,boy in the blue shirt is swinging a baseball bat towards a ball as the boy in the red helmet waits to catch him out .
0,little boy points to the face of another little boy in base in a baseball game .
3,young baseball player is pointing a finger in the face of a player on the other team .
0,boys on oppsite sides of the baseball teams arguing with each other at a base .
8,man dressed in a white shirt , blue baseball cap while wearing gloves , holding a red and white checkered food wrapping .
0,older man in a baseball cap
1,Baseball batter raising his arm .
0,baseball player from New York waiting to bat during a game .
8,baseball player in a Yankees uniform is holding a bat in one hand
0,woman in a dress and baseball cap sits next to the water .
3,girl in the blue dress and the baseball cap is sitting near the ocean .
0,young boy and girl playing baseball in a grassy field .
6,football player pauses during a game .
6,football player wears a green jersey with the number " 4 " on it .
6,football player is being handed a towel on the field .
6,takes a cloth off of a Green Bay Packers football player .
5,boy holds a basketball angerly .
0,boy with a basketballs glowers at the camera .
5,young boy shows off his basketball skills
5,boy is holding a basketball on a wooden basketball court .
5,are two boys on a basketball court and one is holding a basketball .
5,boy dribbles a basketball in the gymnasium .
8,boy dribbling a basketball in a gym .
8,boy wearing a Steve Nash shirt dribbles a basketball on an indoor court .
8,child in a gray t-shirt is bouncing a basketball on a basketball court .
5,little boy dribbles his basketball .
1,group of boys play flag football while some bystanders watch .
1,playing tag football .
1,boys playing flag football in blue and white uniforms
1,boys play touch football .
0,baseball is recoiling from an action taken on a treated field watched by others .
0,baseball player on a playing field springs into action .
0,baseball player standing on the mound .
9,pitcher in a red and white uniform in a baseball game has just thrown the ball .
3,are scrambling around the goal as the goal keeper reaches for the ball .
0,white haired man in the black baseball cap is wearing a black jacket covered with car racing emblems .
8,boy standing and watching a group of people on a basketball court .
6,boy takes a football from another boy .
8,the ground a boy in a red sweatshirt is leaning over holding a football and two other kids .
1,boys are playing football in the grass .
1,boys play football in the grass .
1,kids are resting after playing football
6,dog is playing with a football in the snow .
5,young girl in a green shirt playing basketball .
5,young basketball player moves into the front court .
5,play basketball on a court .
5,young boys play basketball .
5,children are playing a basketball game on a basketball court .
5,small boys play basketball indoors .
5,small boys playing basketball .
8,elderly woman in burgundy scratches her face as she observes a young man in a blue jacket and white baseball cap .
5,boy playing basketball in a gym
5,young boy holding a basketball about to shoot .
5,young boy , playing basketball , is getting ready to take a shot .
3,boy in the white jersey is dribbling the orange Wizards basketball .
6,child holds a football and runs from other children .
6,young boy in a blue uniform running with a football while playing a game of flag football .
6,young boy weating blue shorts and cleats holding a football running from other boys .
4,young male carrying a football and running while two other boys run behind him .
8,man with a baseball cap on backwards is holding a cup
8,boy with red shorts is holding a basketball in a basketball court .
5,young boy is playing basketball in an official game .
5,boy is playing basketball .
5,boy runs with the basketball while looking up .
5,children are playing basketball indoors .
8,boy holds a basketball during a game , while others watch .
5,boy is holding a basketball in one hand .
5,boy is running with a basketball in his hands .
8,boy throws a basketball during a game .
5,young boy plays basketball while a few people behind him look on .
5,basketball player in a duke uniform looks up .
5,are three basketball players
5,men in basketball uniforms looking at something .
5,basketball players from duke are looking upward .
5,basketball players watching the ball .
2,boy in a black shirt is grabbing the flag of the boy in the red shirt with the football .
1,boys are playing flag football .
6,boys playing a game of flag football .
6,boys with mouthguards and one is holding a football while the other reaches for him .
1,football players with mouthguards .
5,young boy on a basketball team dribbles the ball .
8,young boy playing basketball in a gym , wearing a uniform .
3,boy in the royal blue basketball uniform is dribbling the ball down court .
3,boy runs across the court with the basketballs .
5,young boy is running while bouncing a basketball .
8,kid in a yellow jacket and blue baseball cap jumping from a rock .
5,dog tries to play with a basketball in the snow .
0,man wearing a black shirt and baseball cap smiling .
8,young boy singing at a large baseball off of a tee .
8,young boy swings a bat at a large baseball .
0,little boy is wearing a blue shirt and playing baseball .
5,boy plays basketball .
5,boy wearing blue shorts is bouncing a basketball in front of the net .
5,little boy plays with a basketball and a toy basketball hoop .
5,boy playing basketball in the grass
3,child in the blue shorts dribbled the basketball .
1,football game .
1,Oklahoma football player standing
6,play just beginning during a football game .
6,players playing a football game .
6,football player number 50 plays in a game .
6,football player dodges a tackle from his opponent .
9,football player in red chases a football player in blue .
3,football player in red is trying to tackle another player who has the ball .
6,football player wears a jersey wuth the number " 4 " on it .
3,football player in the gold helmet is running .
1,discouraged looking football coach .
6,football coach holds a headset .
3,man runs on the football field carrying the ball in front of the ref .
6,man runs with the football at a professional or collegiate game .
8,American footballer in a white and purple strip is making a run with the ball .
3,UW football player runs with the ball .
3,football player runs with the ball across the field .
6,football coach watches a play being made .
1,crowd wearing red , cheers on the red football team .
9,players in red congratulate each other as crowds in red cheer behind .
1,Oklahoma Sooners football team discuss their game while fans cheer .
6,football players talk during a game .
1,Oklahoma Sooner football players talk on the sideline .
9,two football players in white jerseys and purple pants tackle the player in the red jersey .
6,football players are tackling a red uniformed football player during a football game .
9,football players in purple uniforms try to tackle a player in a red uniform .
6,football players try to tackle a player of the opposite team .
3,smiling dancer dressed in red is on the football field with fans in the stadium bleachers behind her .
1,man tackles another man while playing football .
1,playing football .
9,football player in a red jersey jumping onto a player wearing a white jersey
3,American footballer wearing red is pushing the player in white to the ground .
6,football players bang into each other during a football game .
1,group of football players are playing football .
1,quarterback gets ready to throw the football .
3,quarterback ready to pass the football in the middle of a play .
3,quarterback scans the football field while the offensive line protects him .
6,coach talks to a football player during a timeout .
6,football coach speaks with a player .
9,football player in red and white is talking to a coach .
1,talks with football player , other players and crowd in background .
6,is a football player in a red jersey on the field talking to his coach .
6,coach speaking to a football player while everyone watches .
3,football player from OU talks to the coach about the game .
1,football player is talking to his coach .
9,coaching official and football player are talking in front a crowd and other team members .
6,cheerleaders are sitting at a football game .
6,football player in a red jersey getting his knee looked at by another man
6,man is checking out an injured football player at a game .
3,injured football player is being nursed on the field in the middle of a game .
6,men examine a football players leg .
1,football player is trying to tackle another one .
3,football player tries to tackle a player on the opposing team .
9,football player in red keeps the football away from the player in purple and white .
3,football player in white is defending against the player in red who is running with the ball .
6,University 's Sooners football team playing against a rival .
1,football players are in action on the field
6,football players playing a game while fans watch from the bleachers .
9,American footballers in red are confronted by an opposition player in purple and white whilst being watched by spectators in a stadium .
6,football players attempt to advance the ball against a would be tackler .
1,college football game is in progress .
6,football player runs along the sidelines with a football as a crowd watches .
3,American footballer in a red strip is running down the side of the field with the ball .
6,football player is running with a football trying to score .
1,football player is trying to outrun his opponent .
3,football player from the Sooners is about to be taken down by the opposing team in a game .
3,football player tries tackling another player who has the ball .
1,Sooners football player eluding the tackle of two Huskies defenders .
3,football player is running with the ball as a player of the opposing team grabs his leg
3,Sooner football player carrying the ball is trying to avoid being tackled .
1,horse mascot gives high fives to some football fans .
6,players on the field as a Sooner tries to tackle a player
1,playing football in front of large crowd in stadium
6,football player running after a Wisconsin player during a game .
6,football players are running on the field while a large crowd is watching
6,football players turn as a crowd wearing red watches .
6,crowd is standing and cheering at a football game .
6,crowd of people watching a football game with a player wearing red and cheerleaders also wearing red .
3,football player is grabbing the ankle of another player who is holding the ball .
1,Oklahoma football player is about to score .
3,fans at a football game cheer while the player runs towards the endzone .
3,football player is kicking the ball while the opposing fans watch .
6,football player kicks the ball during a game with a red shirted crowd looking on .
6,male wearing a football uniform kicking a football during a football game .
3,man punting a football as fans from the opposing team watch in the background
1,Sooners play another football team , number 17 goes after the ball .
8,man in a baseball hat and sunglasses watching an event in a crowd .
8,man in sunglasses and a baseball cap stands beside a TV cameraman in stadium full of people .
0,man in the gray shirt has a blue baseball cap on .
1,football player is in action among other players .
1,football player points .
6,African-American football player , wearing jersey number 12 for the University of Oklahoma , throws a football to his left .
8,a football field , there is a played in a red jersey and the crowd is behind him .
6,football players in a stadium
9,American footballer in red is being tackled by three players in white whilst other red players look on .
1,Oklahoma player is tackled playing football
1,player being tackled by group of other players on field .
6,players are tackling a football player carrying the football .
1,football player is being tackled .
1,group of football players running down the field .
6,crowd is watching a football game .
9,football players in red are attempting a play against those in purple , white , and gold .
9,man in red has the football , and the team in white is nearby .
3,Oklahoma Sooners playing football against another team , one of the sooners with the ball in their possession .
6,group of men play a college football game .
1,red team and a white team are playing football .
5,players avoiding a fumble .
9,football player in red is running with the all towards the player in white .
1,football players are wearing red and white , and the crowd is also wearing red and white .
3,football player clutches the ball while running down the field .
3,football player running with the ball .
6,football player running with the ball at a game .
6,football player wearing a gold helmet runs holding a football .
8,American footballer in a white strip is making a run with the ball .
1,bunch of football players , and a crowd .
1,football game .
6,large group of football players about to start a game with a large group watching
1,football teams at the line of scrimmage
1,football teams lined up before the hike .
3,football player passes the football to a teammate as the crowd looks on .
6,quarterback hands off the football to a running back .
1,football players wear purple pants , gold helmets and white jerseys .
1,football players fight to gain possession of the ball .
1,football players make a play , while the other team looks on .
3,football player runs with a ball , chased by the opposing team .
3,football player runs with the ball as others run towards him .
9,player has the football as a crowd in red and white watches
3,American football team in white are attempting to stop the player in red who is running with the ball .
6,teams playing a football game in a packed stadium
9,football player in blue and one in red play in a game .
3,Sooners football player moves quickly on the field as another player runs .
1,two players , on opposite teams , are in the middle of a football game , while others watch .
1,men play football .
1,football player getting tackle
1,football player is tackled .
9,football players in red jerseys taking another in a white jersey to the ground
1,football players from red team tackling one player from white team .
6,football players tackle another player who is holding a ball .
1,red uniformed football player tackles an opposing player .
1,football player is tackling another player .
6,are two football players in red jerseys tackling a man wearing a white jersey
1,football players and two are fighting for the ball .
1,football players are tackling one player of the opposite team .
9,football player in a purple uniform holds the ball while a player in red tries to tackle him .
9,football player in white is being tackled by a Oklahoma University player .
9,American footballer in a red outfit is attacking the player in white who is running with the ball , whilst other players are nearby .
1,Sooners football player is tackling an opposing player .
9,football player in red and white is holding both hands up .
1,players gather around the referees .
1,players gathering to contest something to collaborating officials .
1,University football players in front of a crowd of Sooners fans and next to three referees .
1,red and white football team is talking with the officials .
9,Sooners football player in his red and white uniform being lifted by two teamates dressed the same .
1,players in red and white are jumping and hugging .
1,football players in the red and white team uniforms are jumping up and down .
1,football players wearing red jerseys are on the field .
9,player Quarterback in red Sooners jersey and red helmet prepares to receive snap
1,players huddle and get ready for the game .
1,players stand at the line of scrimmage .
1,Sooner football players on the field .
1,football game in progress .
1,players are on the field .
6,play football as a crowd watches .
1,waiting for snap of football .
1,football teams compete .
9,football player being tackled from behind by another player from a different team in front of a crowd .
9,football player in a Sooners jersey , runs down a field with a large crowd in the background .
9,football player in red being tackled by opponents in white .
6,football player wearing a number 23 white jersey tackles a football player wearing a red , number three jersey while fans cheer .
9,football tackle in progress with a crowd in the background .
1,football player tries diving after another player .
3,pro football player tackles another player on the goal line in a crowded stadium .
9,player in white and purple uniform with legs being tackled by player in red and white uniform .
6,player tackling another player in a football game .
3,red football player is grabbing the purple and white player 's leg to try and stop him .
6,football layer wearing a red shirt .
1,football player facing off against two others .
3,football player for the Sooners stands in front of the oppsing team waiting for the next play .
9,football player in a red uniform is standing in front of other football players in a stadium .
3,football player for the Sooners is preparing for the next play during a game .
6,football player in a Sooners uniform .
6,football player wearing a Sooners uniform with the number 42 .
6,man in a red football uniform prepares to play .
1,football player dressed in red looks down field .
3,football player kicks the ball .
3,Oklahoma football player attempts to kick the ball .
3,player for the Oklahoma Sooners football team punts the ball during a game .
1,University kicker , kicking the football
3,football player in red kicks off the ball .
6,football player holding a football .
6,football player in red gets ready to throw a football .
6,lone football player wearing a red and white jersay holding a football .
3,football player dressed in red and white gets ready to throw the ball .
3,football player gets ready to throw the ball .
1,football coach standing with his players behind him .
9,group of football players in gold helmets stand around a man in a purple shirt .
5,group of footballs players is standing behind a coaching official .
1,man in blue shirt is surrounded by football players .
1,man surrounded by football players .
6,coach in a white polo shirt on a football field
6,football coach is walking on a football field .
9,man in a white shirt is walking on a football field in front of some players .
6,man on the coaching staff for OU has sunglasses on his head during a football game .
6,team manager out on the football field during a game .
1,football team doing excercises
1,football team doing their stretches before the game starts .
1,players are stretching together .
1,football players are working on stretching their legs .
1,four football players in red stretch on the green turf .
1,Americans play football .
1,group of football players in red and white uniforms .
1,large group of football players sitting on a field wearing red and white jerseys .
1,football players sitting on the ground .
1,men in football uniforms sit on the grass , looking unhappy .
6,fan checks his cellphone while watching a football game .
6,man in a red shirt is watching a football game .
6,man in red holds up a cellphone on the sidelines of football game .
6,man in red takes cellphone pictures at a football game .
6,man is wearing a Sooners red football shirt and helmet .
1,Oklahoma Sooners football player wearing his jersey number 28 .
1,Sooners football player weas the number 28 and black armbands .
1,in red and white football uniform
0,American footballer is wearing a red and white strip .
9,football player is in a red and white uniform Sooners # 28 .
9,large football player in a red uniform
9,man in a red football uniform and helmet looks to the left .
3,Oklahoma football player watches the game from the sidelines .
1,football team wears red shirts and red helmets .
6,closeup photo of a football player for the Sooners team who is wearing a red jersey with the number 19 .
6,football player with a red Sooners jersey on .
6,man wearing a red football uniform and gray gloves looks to the left .
0,American footballer is wearing a red and white strip .
1,in playing football in Sooners jersey number 19
0,child in an orange shirt holding a baseball bat watches the ball thrown at him .
0,young boy is getting ready to hit a baseball .
8,young man wearing a yellow shirt and baseball helemt swinging a bat
0,in yellow shirt getting ready to hit orange ball with baseball bat
0,little boy is holding a skinny baseball bat while standing between two rows of blue seats .
8,boy wearing a black shirt and blue jeans is holding a red baseball bat .
0,boy plays baseball .
0,little boy plays baseball with himself .
8,young boy wearing blue is holding a blue baseball bat and holding a white ball in his hand .
0,group of baseball players wearing blue uniforms walk across the grass .
0,men 's baseball team leaving the field
0,team of baseball players in blue uniforms , walking together on field .
0,members of a baseball team walk across the diamond .
6,boy standing on a football field with a colored ball .
6,little boy stands at a football field and prepares to kick a child 's play ball .
0,boy baseball player in a green and yellow jersey leaps for the ball .
0,boy chasing a baseball .
3,little boy playing baseball goes for the ball on the ground .
0,young boy dives to catch the ball during a baseball game .
5,little boy kneels and prepares to throw a basketball .
5,little boy starts to toss a mini basketball .
5,little boy throws a basketball .
8,boy in yellow shorts kicks a soccer ball in a basketball court .
5,little boy in orange shorts and flip-flops plays soccer on a basketball court .
5,boy kicking pink soccer ball on a basketball court .
8,man wearing a baseball uniform swings back with a large bat .
0,baseball player holds up his bat ready to swing .
8,boy in a yellow uniform carrying a football is blocking another boy in a blue uniform .
9,football player in a yellow jersey is pushing away another player .
1,young football player is trying to avoid being tackled .
1,boys playing football on opposing teams .
1,young football players wearing blue and yellow uniforms fight for the ball .
3,player has fallen on the court while another grabs at the ball from out of frame .
3,basketball players are scrambling for the ball on the court .
5,basketball players , one on the floor , struggle to gain possession of a basketball .
3,high school basketball players reach to grab the ball , one falling to the floor .
5,men in uniforms playing basketball , struggle for the ball .
0,boy in an orange jersey is about to pitch a baseball .
0,little boy in orange pitching at a baseball game .
8,young boy in an orange uniform is pitching a baseball during a game .
5,boy gets ready to shoot a basketball .
8,boy is holding a basketball up in front of a white house .
8,boy looking intently , holding a blue basketball , a white house in the background .
5,man is shooting a blue basketball .
9,youn man in front of a white house holding blue and red basketball .
0,boys with wearing baseball caps are sticking out green stained tongues .
0,young boys wearing collared shirts and baseball caps have their blue-tinted tongues stuck out .
8,man in a red baseball cap eats a chip .
8,catcher in a red and white uniform plays at a baseball game .
0,lady with a baseball cap on talking on he cellphone
0,small child swings back a red baseball bat .
8,boy in a red and white shirt kicks a large baseball while surrounded by people .
8,boy kicks a giant baseball while a group of children watch .
0,boy kicks a really large baseball
0,are outside playing with an oversized baseball .
0,baseball hitter holding a bat falling down .
0,baseball player runs on the field .
0,boy at bat playing a baseball game falls to the ground while onlookers watch .
8,baseball player , dressed in red and white uniform and holding a bat , is falling after being hit by a pitch .
6,man with no shirt and wearing sunglasses is holding a football .
6,man with no shirt on is holding a football .
6,shirtless man catches a football
6,shirtless man playing football on a lawn .
6,young topless man wearing sunglasses and shorts is holding a football .
3,men are jumping into the air to catch the football .
1,men play football .
5,guy skateboarding on a basketball court
8,in the water with a basketball and a person on horseback .
5,dogs are playing near water next to a deflated basketball .
8,dogs stand on sand surrounded by water , a deflated basketball and a person on a horse .
8,dog catches a Frisbee at a baseball field during a game .
8,woman is using Frisbees to play with a dog in front of a stadium crowd and a group of baseball players .
0,and dog do Frisbee tricks as crowd watches in baseball stadium .
5,girl basketball player wearing blue is blocking another girl player wearing yellow .
5,group of people gather on a basketball court as one person jumps for the ball .
3,players jumping up for the ball during a game .
5,are playing basketball .
5,teams of players playing basketball on a court outside .
8,people , one wearing a t-shirt and baseball cap , are seated on a bus .
6,football player in a full stadium jumping and recieving a football .
3,American footballer in yellow catches the ball whilst under pressure from the payer in white .
6,football players playing football before a huge crowd .
1,football players run into each other .
6,men vie for a football .
8,baseball player , a woman with Frisbees , and a dog in front of blue bleachers .
8,woman thows a Frisbee to a dog as a baseball player in uniform runs behind her .
0,girl does freestyle Frisbee tricks with her dog at the baseball park .
0,baseball player is tagged out sliding into second base .
0,baseball player slides toward a base .
0,men playing baseball .
5,children playing basketball .
5,people are playing basketball on a plank deck outdoors .
5,people playing basketball on wooden area near the beach .
5,playing basketball on a wood deck .
8,man holds a baseball hat above his head with a pole .
0,little boy playing baseball outside wearing flip flops .
0,little boy preparing to hit a baseball
8,small boy wearing a red shirt swinging a baseball bat
0,young boy gets ready to swing his baseball bat .
1,football player has the number 25 .
1,football player , his helmet half off , looking at the ground .
6,football player wearing a white uniform walks and looks down .
1,university of Miami football player # 25 .
1,of football player # 25 .
3,football player prepares to throw the ball .
6,guy with a football , a crowd watching him .
6,man wearing a white uniform is playing football .
6,football player is preparing to make a play with onlookers nearby .
1,group of football players huddled together in the middle of the field .
1,group of football players wearing orange and blue uniforms gather together on the field .
1,players in blue and orange uniforms are huddled together and hugging each other .
1,players in uniform embrace one another .
9,football player in a blue and yellow uniform is tackling another player in a white and gold uniform .
6,on a football team scuffle in an attempt to get the ball .
6,football players are tackling an opposing football player with a referee nearby .
6,football players are tackling a third while a referee watches .
1,football players tackle another football player .
8,little boy in a blue jacket hits a baseball .
6,football player in mid stride holding a football .
6,football player is running with a football .
6,football player with a football is being pursued by another player .
9,american footballer in a white strip who is carrying the ball is being pursued by another player in a black strip .
3,football player holding the ball is chased by another football player from the opposing team
6,football player being tackled during a game .
3,football player has his arms wrapped around the person holding the ball .
9,football player in orange being tackled by a player in blue .
2,young boy wearing orange is running with the football as the boy in blue tries to wrestle him to the ground .
1,in orange jersey has the football and is being tackled .
1,football fan showing his devotion by painting his face .
1,person with the face paint and football jersey is sitting in bleachers
6,dog splashing in a small pool with a small football .
5,youth riding a skateboard is airborne amongst the basketball courts .
6,football player carries the ball during a game .
3,football player catches the ball as another tries to tackle him .
3,football player in an orange jersey tries to escape with the ball from the tackler .
1,football player is getting tackled .
3,football player in the orange uniform has the ball in his arms .
9,holder and kicker for a football team dressed in orange , white and black play while onlookers behind them watch .
3,kicker launches the football forward while the holder checks his fingers .
3,football player wearing a white helmet and orange chairs swing his leg while the player next to him kneels .
9,football player are in the kick off position in front of a crowd .
1,young men on the same football team are wearing orange and white uniforms and playing on an outside field while coaches and other players watch .
6,little girl in a football jersy and pink snow hat is standing on a football field .
6,football player wearing an orange jersey and one wearing a white jersey are set at the starting line .
1,college football players about to face off .
1,football players are getting ready to tackle each other
9,football players , one in an orange jersey and one in a white jersey , play on the field .
1,rival football players head to head .
5,playing , basketball ball in air
5,group of boys play basketball outside of a brown building .
8,people stand on a basketball court as a ball flies through the air .
5,teen boys playing basketball outside
5,teens watching a basketball in the air .
1,bunch of football players on top of each other .
6,group of people playing football form a big pile .
6,referee is watching a professional football game in the grass .
1,players in the middle of a play .
3,players making a tackle with the referee in the foreground .
3,football player is running with the ball .
1,football player running with football under his arm .
6,man in a football uniform is running with a football during a game .
6,man in a blue jersey is running holding a football
1,football player in black runs with the football .
0,man in a white jacket and blue baseball cap .
5,group of basketball players wearing yellow and green reach for a ball .
6,players shoot for a goal during a game .
5,men jumping in a basketball game
5,this picture all men from both basketball teams with red and green jerseys are jumping .
2,man on the yellow basketball team tries to score while the men on the opposing team try to block his shot .
6,football player wearing an orange jersey holding a football
1,football player wearing an orange uniform smiling and holding the football .
1,man in an orange jersey with the letter " 12 " on it plays football .
6,University of Miami player holds a football .
1,12 in orange gets ready to throw the football .
9,players wearing orange uniforms are tackling a player in a white uniform
6,tackle in a football game .
0,footballers in a tackle .
6,men are involved in a football game are tackling each other .
3,players take down the player with the ball in a football game
3,football player runs with the ball , chased by members of the opposing team
1,running back running with the football .
1,football players are running on the grassy field .
1,playing football .
1,teams compete in football .
1,football player catching the football .
6,football player in a brown jersey jumping up to catch a football
3,football player jumps up to catch the ball while others run towards him .
1,players playing football .
6,football player jumps into the air to catch a football .
1,football running back getting tackled
3,player tackles a player who has the ball , as a third player watches .
3,football player attempts to get the ball from another football player who is running .
3,American footballer in brown is tackling the player in whit who is running with the ball .
6,is a football game in progress .
0,girl is catching a baseball before an opponent touches base .
1,group of little boys play football in uniforms .
1,in uniforms , pads and halmets play football
1,children , in uniforms of two different teams , are playing football .
1,young boys dressed in uniform play football .
1,boys ' football teams compete on the field .
6,adolescents play football in a residential yard while an older man watches .
1,football game is played .
6,football teams play a game .
6,football teams playing a game
1,football teams play on the field .
6,teams of football players about to start a game .
6,men react as a football flies overhead .
1,men with football in air
8,small black brown and white dog catches a football in midair as a man and child look on .
9,white dog with spot on back leaping in air with football in mouth with small boy and man watching .
1,boy in football gear running with the football
6,child runs with a football .
1,in football uniform running on grass .
3,boy in the red jersey runs with the football .
6,boy is clutching the football and making a run for a touchdown while looking behind him .
6,football player in a gold helmet is running with a football .
9,football player in a purple jersey is running the ball in for a touchdown .
3,football player runs across the field as the referee blows his whistle .
6,football player runs past an official carrying a football .
3,football player runs the ball past the referee .
6,football player folding a football during a game in the mud
9,footballers in yellow outfits are playing in a very muddy field .
4,young football player in a muddy , yellow and blue uniform carrying a football with other muddy players run behind him .
1,players playing in mud .
1,players playing in the mud .
0,baseball player argues with the catcher .
0,pitcher and catcher celebrate striking another baseball player out in a pro game .
3,baseball players near the pitching mound are celebrating as the batsman walks away .
0,professional baseball players during a game , one more in the background .
5,Miami basketball player .
3,orange-clad Miami basketball player dribbles the ball while another man blocks
5,tall black man playing basketball .
5,basketball player is wearing an orange uniform and holding a basketball .
5,men play basketball ,
3,basketball player looks for someone to pass the ball to .
3,man on the Miami basketball team holds the ball getting ready to make a move while being blocked .
3,player holding the ball .
3,basketball player holds the ball and looks across the court .
5,man is wearing an orange uniform and holding a basketball .
3,basketball player in orange has the ball while another in blue tries to block him .
9,basketball player in orange is keeping the ball from a player in blue .
3,basketball player in blue is challenging the player in orange for the ball .
3,basketball player in the blue uniform is guarding the player in the orange uniform , who has the ball .
5,teams compete in a basketball game .
5,basketball player wearing an orange uniform looks backwards .
3,basketball player in the orange jersey is being guarded by the player in the blue jersey .
3,basketball player looks around the court as another player tries to block him .
5,men from opposite teams playing basketball .
5,men play basketball .
5,man in a Miami basketball uniform looking to the right
3,Miami basketball player looks off in the distance .
5,Miami basketball player is looking .
0,baseball player swinging a bat
0,baseball player running toward a base with another waiting on the base
0,two people are in baseball uniforms , making a play at base .
3,men playing baseball with the one in the black and red jersey running toward base .
0,people playing baseball .
8,boy in a baseball cap jumps over a flight of stairs .
0,boy , wearing a baseball cap , jumps in the air near some steps .
8,is a boy wearing jeans and a baseball cap jumping in the air .
9,young boy in a red football jersey makes a large gesture as he stands in the midst of pumpkins .
0,baseball pitcher is bowling the ball .
0,man playing baseball , throwing the ball .
8,guy is in a baseball uniform , in a baseball field , and is throwing a baseball
6,group of men playing against each other in a football match .
6,man catches a football in midair while jumping into a pool .
5,basketball game
5,group of athletes playing a basketball game
3,group of basketball players jump in the air for the ball .
0,players participate in a game .
3,and yellow teams are trying to get the basketball in the goal .
5,fencing class takes place on a basketball court .
5,people are fencing on a basketball court .
8,basketball player in a white uniform is making a jump shot against a team wearing black uniforms .
5,basketball player takes a shot .
3,players leap for the ball while the crowd watches .
9,player in white uniform leaping to make a shot while being blocked by player in black .
1,football players are preparing for the next play .
1,football players in hike formation .
6,football players preparing to hike a football .
1,people wearing blue , red , and white football uniforms crouched over as though in play .
1,players in red white and blue football uniforms squat down on the field .
5,basketball players in action .
5,men playing basketball , two from each team .
9,boys in green and white uniforms play basketball with two boys in blue and white uniforms .
5,men playing basketball in a competition .
6,little girl pounces a punching bag on a football field .
3,girl in a pink shirt tackles the football equipment on the field .
6,large crowd of people wait in line to get into a football game .
1,of dirty men play football .
1,play football .
5,basketball player shooting while another player is trying to block his shot .
5,basketball player tries to block another .
5,basketball players reaching for a ball .
1,men are playing Basketball
5,men jump for the basketball .
5,basketball player defends another player .
5,man with a basketball blocks an attempt to take his ball .
5,runs by other man with basketball at a game .
5,men are playing during a basketball game .
3,bald basketball player is standing on a court with the ball in his right hand .
5,basketball player holding a ball with Miami 5 on his shirt .
5,guy playing basketball .
5,Miami basketball player with basketball in right hand on court .
3,five of the University of Miami men 's basketball team has the ball .
3,basketball player attempts to get the basketball from another player .
5,paced basketball action
5,basketball player wearing the white outfit and orange sneakers is doing a lay up .
5,men are playing basketball
5,basketball player is about to make a lay-up .
5,basketball players , in front of a crowd .
3,and Clemson playing a basketball game , one player about to lay the ball in
3,basketball player in white is jumping up to score a point against the orange team .
1,bunch of football players in blue .
6,football team in blue uniforms run out of a smoke cloud .
1,group of football players wearing blue uniforms run down a foggy field .
1,large group of football players in blue jerseys running through the field .
0,American footballers in blue are doing a victory run towards camera .
5,black man is dunking a basketball while another man jostles him on the court .
8,man in a white jersey is slam dunking a basketball .
5,man with jersey 23 is dunking the ball at a basketball game .
5,person in uniform dunking a basketball .
3,number 23 dunks the basketball into the net with a crowd in the background .
3,basketball player gets ready for the shot .
3,basketball player is looking up and set to throw the ball .
5,men 's basketball player # 33 shooting basketball .
5,basketball player is holding a basketball getting ready to take a shot .
3,Florida basketball player is preparing to shoot the ball .
3,basketball player holds the ball during a game .
8,with a basketball in a Florida uniform .
5,basketball player in white is holding an orange basketball .
5,basketball player is wearing a Florida jersey .
1,boys playing flag football with purple jerseys .
1,children are playing flag football together .
6,children are playing with a football on the grass .
1,little boys playing flag football in purple jerseys .
3,basketball player preparing to shoot the ball
5,basketball player takes a shot .
5,black man playing basketball with orange shoes
9,player with 32 on jersey jumps to make a shot , crowd in background .
5,basketball player shooting
5,basketball
3,basketball player dribbles the ball .
3,Miami basketball player dribbles the ball and looks serious .
3,Miami Hurricanes basketball player has possession of the ball .
3,basketball player in the white strip is dribbling the ball on the court .
8,bald man dribbles a basketball while wearing a Miami jersey .
5,playing basketball , jersey number 5 .
5,five plays basketball for Miami .
5,basketball player is wearing orange sneakers .
0,white dog with black spots is catching a baseball with its mouth .
5,basketball players are grabbing for the ball during a game .
3,basketball player in white holds the ball .
5,basketball players leap to grab a ball .
5,men are playing a game of basketball
5,men are playing basketball .
5,basketball player wearing a red and white jersey while running down the court .
5,dark skinned man in a white sports outfit plays basketball .
8,man dribbles a ball during a basketball game .
5,SMU basketball player playing basketball .
3,SMU basketball player drives to the basket .
3,basketball player leaps with the ball while opponents try to block him .
8,pro basketball player in a white Miami uniform makes a defensive move .
3,players try to block a ball from going into the goal .
8,in a Miami basketball uniform jumping to make a shot .
5,basketball player is number 21 from Miami .
3,basketball player in the air about to make a shot .
3,basketball player jumps up with the ball as two others watch .
5,school basketball game is in progress .
5,player from Eastern goes between two defenders for a shot .
5,playing a basketball game .
9,basketball player in a red uniform is holding the ball while a player in a white uniform is trying to block him .
5,basketball player with a ball and defenders .
5,rival teams are playing basketball .
5,basketball teams playing a game on the court .
3,basketball player dribbles the ball while another blocks him and an official looks on .
9,basketball player in a whit outfit is dribbling the ball around a player in a red outfit as the referee looks on .
5,Miami basketball player dribbles by an Arizona State player .
5,referee watches two basketball players playing basketball .
5,guard drives towards the basket during a college basketball game .
3,basketball player in white leaps up at the net .
5,basketball player is jumping and holding a basketball over the net .
3,basketball player slam dunks the ball .
8,man jumps with a basketball to make a hoop .
3,basketball player is dropping the basketball into the net .
3,basketball player wearing a black and white uniform dribbles the ball .
8,a women 's basketball game , a white skinned woman dribbles against the Chicago defense .
1,players in action .
3,basketball player in white is dribbling the ball towards the player in black .
5,in white dribbling basketball .
0,man contorts his body as he plays baseball .
5,basketball player jumps for a shot while another attempts to block him .
9,in blue and white uniform shooting basketball being blocked by man in white and red .
5,basketball players oppose each other at the net .
5,men are playing basketball and one is trying to block the other .
8,men , one with a ball and a blue uniform , and the other in a white uniform are playing basketball .
8,group of boys are playing basketball and a boy in a brown shirt is throwing a basketball into the basket .
5,man jumps up towards the basketball hoop as others watch .
3,man wearing a brown shirt throwing the basketball into the basket .
5,people play basketball outside .
5,basketball player performing a lay-up .
8,boy in a blue basketball uniform , number 13 and a boy in a white basketball uniform , number 23 jump for the ball .
9,man in a white uniform jumps while holding a basketball as another in blue blocks him .
3,player wearing a white , number 23 jersey jumps up with the ball while guarded by number 13 on the opposite team .
9,man in white is playing basketball against the man in blue .
3,basketball player in white is trying to defend against the player in black who is dribbling the ball .
8,african american runs with a basketball as a caucasion tries to take the ball from him .
9,in black uniform dribbling basketball away from guy in white uniform
5,teams are playing basketball as one man is driving towards the hoop .
3,player attempts to get ball from black player on basketball court .
3,basketball player tries to aim for the goal while being blocked by other players .
5,basketball player with several blockers .
5,group of high school basketball players play a game .
3,group of basketball players trying to get the ball from another player .
8,young man in a white uniform holds a basketball surrounded by members of the opposing team wearing green .
9,basketball player in blue is attempting to block a player in white during a game .
5,men are playing basketball .
5,basketball players play in a game .
5,black men playing basketball in a gym .
5,men from opposite teams play basketball together .
3,basketball player jumps to make the shot while another tries to stop him .
9,in blue sport uniform with basketball in right hand attempting to score basket while being blocked by player in white uniform .
3,basketball player in white is defending the basket against the player wearing blue .
5,basketball players oppose each other at the net .
5,men are playing basketball and one is trying to block the others shot .
3,basketball player in a blue jersey holds the ball high .
5,basketball player is getting ready to shoot a hoop
5,man in blue uniform about to throw a basketball .
5,man wearing a blue basketball jersey is shooting the basketball .
3,basketball player concentrating on keeping the ball from other players .
5,basketball player holding a basketball .
9,basketball player in blue is running between two players in white .
2,man in blue has the basketball while the man on the left watches and the man on the right tries to stop him .
5,basketball teams compete .
5,basketball player dribbles .
3,basketball player for North Carolina moves with the ball in hand .
5,man in a blue jersey plays basketball .
3,North Carolina basketball player dribbles the ball .
3,basketball player holds the ball .
3,basketball player in red is challenging the player in white for the ball .
5,teenagers are fighting over a basketball during a game .
5,basketball players fighting over control of a ball .
5,basketball players struggle for the ball .
9,males , one in red and one in white playing a basketball game .
0,boy leans on a baseball bat and holds out one arm outstreached .
8,young boy poses in a field with a baseball bat .
0,young boy with a baseball bat holing his arm out .
8,boy is wearing a green cap and holding a black baseball bat .
0,baseball players are on the field while a large crowd is watching
8,boy wearing a shirt with an American flag plays with a basketball on the blacktop .
5,boy with a basketball .
5,young boy playing basketball .
5,with american flag shirt bounces basketball .
5,basketball player from one team making a rebound while three players oppose him .
9,basketball player in orange has the ball while three others in blue and white defend .
3,player in orange trying to score through three men from the opposing team .
5,men are playing in a basketball game .
3,basketball players in white are defending against the attacking player with the ball in orange .
5,little girl plays on a toy basketball game .
8,holding a beer throws a basketball where a little girl is playing .
9,baby in the red outfit is sitting in the middle of a basketball arcade game .
8,is a man shooting basketballs next to a toddler .
9,basketball player in black jumps , while another in white attempts to block .
8,boy wearing a black jersey holding a basketball while another is behind him trying to get the ball
5,basketball players fighting over the ball .
5,male basketball players are fighting over a basketball .
5,young men play basketball while crowd looks on
3,basketball player aims for the goal .
5,basketball player gets ready to shoot .
3,basketball player has jumped in the air to shoot the basketball .
3,basketball player in white jumping to throw the ball , audience in the back .
8,is a college basketball player shooting a jumped .
8,woman in a white baseball hat reveals her tan line to her friend , who wears a sun hat
0,baseball player in a blue uniform has just released the baseball on the sidelines .
0,baseball player is following through with an action nearby a teammate .
0,baseball player strains to throw a ball .
8,yougn boy in a blue and white baseball uniform throwing a baseball while tucking his glove close to his body .
3,baseball player wearing blue is throwing the ball .
1,play football .
0,baseball player swings at a baseball .
0,in blue and white uniforms are on the field playing baseball .
0,crouches behind baseball hitter .
5,basketball player for Miami U. pushes forward .
5,basketball player runs while another tries to block him .
3,basketball player runs while dribbling the ball .
3,blows whistle as basketball player attempts to block another with the ball .
9,guy in the white uniform has a basketball in his hand .
3,basketball player dribbles the ball during a game .
3,basketball player wearing a white uniform is dribbling the ball on the court .
8,man wearing a white uniform dribbles the basketball during a game .
3,professional basketball player dribbles the ball around the opposing player .
1,player pushes away opponent
3,basketball player attempting to control the ball near the basket rim .
9,basketball player in a red uniform is trying to make a basket but is being blocked by the opposing team .
5,basketball player is scoring a basket .
3,men jump up for the ball near the hoop in a basketball game .
8,teams playing basketball on a court in a stadium .
5,boy playing basketball , trying to block a shot .
9,basketball player in a white uniform jumps up to block another player in a blue uniform with the ball .
5,boys play basketball .
5,opposing basketball players are making a play with an audience nearby .
1,young flag football team are huddled together .
5,asian man in a black tracksuit is watching students doing exercised on basketball court .
5,people on a basketball court .
3,girl defends the basketball from another player .
5,girl playing basketball attempts a shot while another girl aggresively defends her .
8,participating in a basketball game in front of a crowd .
5,opposing basketball player is making a hook shot over the defender .
8,person in a baseball cap and jeans resting on a brown couch .
9,group of asian women in sports attire , and one woman in the center is wearing a baseball cap .
0,are several asian people , one wearing a baseball cap .
8,baby in a baseball shirt crawls through a tube .
5,basketball player looks upward as a hand reaches for her ball .
8,female basketball player wearing a red uniform is holding a basketball and looking up while an arm is trying to block her .
8,female woman has a basketball in her hands and a determined look on her face .
3,woman basketball player holding the ball grimaces with effort while another player 's arm attempts to block her .
8,woman with a red basketball jersey is holding a basketball and looking up .
0,baseball player is on the field in fronmt of an audience .
6,man is playing with a foam football on the beach .
5,basketball team of 8 girls is doing a hand huddle .
5,group of basketball players in a huddle .
1,players huddle .
8,group of men in camouflage pants , break dancing on a stage at a community baseball field .
8,bald man is attempting to slam dunk a basketball in a game while people in the stands watch .
8,basketball player is jumping and about to dunk a ball in front of a crowd .
5,man reaches toward dunking a basketball while an audience watches .
5,tattooed man dunks a basketball .
3,tattooed basketball player is about to dunk the ball .
0,black and white dog catching a baseball in midair .
0,skinny white dogs with two standing men in baseball caps
6,man in a rugby uniform is grabbing the arm of another man holding a football .
6,men on a playing field , one of them holding a football .
0,boy in a baseball uniform runs the bases .
0,boy is running around the bases in a baseball game .
0,boy runs to a baseball base .
8,child in a baseball uniform runs on a baseball field .
3,young baseball player is running to one of the bases .
3,baseball player throws the ball .
8,boy in the middle of a pitch at a baseball game .
8,pitcher on a mound throws a baseball .
0,teenage boy pitching a baseball .
0,young pitcher is throwing the baseball .
0,participate in a baseball game .
9,baseball players in motion ; one sliding into a base , another running in the background .
3,men playing baseball and the one wearing a red helmet is sliding to the plate .
3,baseball player crouching to catch the ball as a runner slides to safety .
8,boy is sliding towards a base while the baseman is waiting for the ball in a baseball game .
0,Children playing baseball at the park .
3,football player in possession of the ball gets tackled by a football player on the opposing team .
3,football player leaps in the air while another tries to hold onto his foot .
9,football player in orange and white uniform dodges tackle of another player .
1,guys playing football .
6,men during a football game
0,child wearing black and purple playing baseball .
8,catcher in a black uniform on the ground with his glove upraised during a baseball game , while a man UN a white uniform keeps a foot on the base .
3,baseball player is trying to run to a base while the baseman catches the ball .
8,people play baseball on a field at a park .
1,dogs play with purple football .
5,group of basketball players stand on the basketball court .
5,group of men play basketball .
5,play basketball on a wood floor near clear glass doors .
5,men around an indoor basketball hoop .
1,boys playing indoor basketball , one team has black and white uniforms , the other has orange and white .
8,basketball player attempts a layup in a gymnasium .
8,guy is going up for a lay-up on a basketball court .
8,group of men stand in a gymnasium with a basketball .
9,group of young men in a gym take turns scoring in basketball .
5,line of basketball players doing a drill .
5,boys on basketball court .
5,young men playing basketball
9,football player in blue grabs a football player in white for a tackle .
1,football player is being tackled by the rival team .
3,football player is tackling the player with the football as the crowd watches .
2,players on a feild the one on the left in a blue uniform the one on the right in a white one with the fans in the back .
3,football player from the opposite team are holding back the one with the ball .
0,female baseball players reach for the ball .
0,baseball player slides home in a non professional baseball game in an HDR photograph .
3,baseball player in white swings for the ball as the player in brown is waiting to intercept .
0,baseball player punting .
3,baseball player swings at the ball as onlookers watch .
3,baseball player attempts to catch a ball while another runs towards the base .
3,baseball player catches the ball while the batter reaches the base .
8,umpire in a baseball game crouches to catch a ball while an opposing team member runs to homebase .
0,children are playing baseball
8,baseball player is making a play nearby a large sign and boundary of the field .
0,girl catches a baseball .
8,baseball player in a black shirt just tagged a player in a white shirt .
0,woman in a baseball uniform tags another with her mitt .
3,baseball player hitting the ball
8,teenager dressed in a baseball uniform attempting to hit a baseball during a game .
8,baseball player in a red shirt and white pants is swinging the bat towards a yellow ball whilst three people look on .
0,baseball player recoils from an action involving a bat while opposing team members look on .
8,person leans forward to catch a baseball while a runner comes close to the base .
8,girl in a baseball uniform getting ready to throw the ball at a game .
8,female wearing a baseball uniform swinging a bat .
8,woman in a brown strip is taking a swing with a baseball bat at a yellow ball , whilst another woman is waiting on the sideline .
0,boy hits the ball at a baseball game .
0,hits a baseball
0,of the members of a baseball team in brown and white is at bat .
0,baseball player holds his bat and gets ready for the game .
0,boy is getting ready to play baseball .
0,boy plays baseball .
8,person in a blue and white baseball uniform is standing on one foot while holding a bat .
0,player holding a bat .
6,girl in a yellow shirt is throwing a wet football .
8,man in a baseball cap does a skateboard jump on a half pipe .
5,guy jumps to make a basketball shot .
5,men playing basketball on a court with various people in the background .
3,man drives the lane for a shot in the outdoor basketball game .
5,three men are playing basketball on a blacktop .
3,men are playing basketball and one of them blocked the others shot while people play in the back .
3,baseball player trows the ball .
0,player throwing the baseball .
8,man is pitching a baseball on a dirt mound .
9,baseball pitcher in a red and white uniform throws the ball while his teammate watches .
7,baseball pitcher on the mound leaning into his pitch .
8,pitcher throwing a ball at a baseball game
9,is being played by two men in red jerseys by a " pepco " sign .
5,group of boys play basketball together .
5,player makes a shot as other players to try to intercept .
5,teenagers are scrambling for a basketball underneath the net .
5,people are playing basketball outdoors .
5,men playing basketball under a blue sky
8,white dog , two black dogs , and a black and white dog are playing on the edge of a baseball field .
0,dogs are playing at the baseball field .
0,dogs are running on the grass , near a baseball field .
0,dogs run and play on the baseball field .
8,people are kicking a soccer ball in a basketball court .
0,boy holds the bat waiting for the pitch at a baseball game .
0,little boy batting in a baseball game .
8,young boy in a blue and white uniform is up to bat at a baseball game .
0,plays baseball .
8,wearing a blue , white , and yellow baseball uniform about to hit a ball .
8,young boy in a baseball cap jumps into the arms of a man wearing a blue shirt .
5,boy dunks a basketball .
8,boy dunks a basketball on a low hoop by the road .
8,boy jumps up to make a basket in a basketball hoop .
5,boy with a basketball , leaping for the goal .
8,teenage boy is dunking a basketball in a hoop .
8,man wearing a baseball cap leaning against a post .
7,baseball pitcher with Shelton on his shirt throws the ball .
8,baseball player in a black and orange shirt , and with a glove on , pitches the ball .
8,male dressed in a sports outfit tries to catch a baseball .
0,man playing baseball .
3,baseball player is running after the ball .
0,plays baseball in a grass field .
0,brown dog with a baseball in its mouth .
0,dog holding a baseball in his mouth .
0,dog with a baseball in his mouth .
8,man in a pink shirt is standing in a basketball court holding a basketball .
8,young adult male stands with a basketball on a court .
5,holding a basketball wearing red shirt black shorts with something on left leg
5,man in red and black stands outside holding basketball .
8,man with the red shirt is holding a basketball and is in front of a basketball hoop .
8,baseball player just taking a swing at a stadium .
0,baseball player swings the bat as a catcher and umpire watch .
0,batsman is about to swing for a baseball whilst the catcher and referee wait behind him .
0,ump in black watches a baseball game .
0,baseball player takes a swing .
8,little girl about to hit a baseball off a tee
0,little girl is swinging at a baseball .
8,boys on a black top with a green and yellow basketball .
0,baseball is being thrown at a volleyball net .
0,boy whose head has been replaced by a baseball .
8,Child hits a baseball into a net .
8,child is throwing a baseball into a net .
8,young boy with a baseball obscuring his face through a net .
0,play baseball .
0,playing baseball .
0,baseball player is catching a ball on the field .
8,is a baseball player in a yellow shirt running midfield .
0,guys playing baseball .
8,young baseball player sliding into a base while a dust cloud rises and the other team moves around him .
0,playing baseball , cars parked in the background .
0,little boys are playing baseball .
6,few young boys throwing a football over a volleyball net .
6,are throwing a football on the beach .
8,children are playing a game , with a volleyball net and a football , on the beach .
6,boys play with a football near a volleyball net at the beach .
9,baseball pitcher wearing a white and red uniform caught in midpitch of the ball .
0,baseball player in white uniform throwing baseball
8,profession baseball player pitches a ball in a baseball game .
3,man in the white and red uniform gets ready to throw the baseball .
8,is a man pitching a baseball and has a glove his left hand .
0,Boston baseball player at bat
3,Boston Red Sox baseball player holds the bat waiting for the incoming pitch .
0,man is playing baseball .
3,batter ready to hit the ball
0,baseball player slides to the base .
0,person playing baseball slides for home .
8,baseball players on a field , with four spectators , and a crowd .
0,men on opposite baseball teams dive for a baseball at homebase .
6,man is leaping off of the pool deck to catch a football .
0,baseball player dodges a ball with his bat high in the air .
8,baseball player in a white uniform is walking to base while a crowd of people watch from the bleachers .
0,baseball player near home plate .
0,baseball player raises the bat above his head .
3,baseball player runs to catch the ball .
0,young boy holds his head to a baseball bat on the green grass .
0,young boy is spinning around a baseball bat on the grass .
0,boy puts his forehead on the baseball bat and spins around to make himself dizzy .
8,little boy is wearing red shorts and a white t-shirt and has his head resting on a baseball bat .
0,boy pitches in a baseball game .
3,young baseball player winds up to throw the ball .
0,young person pitches in a baseball game .
3,baseball player is throwing the ball .
0,girls with baseball caps are eating a snack outside .
0,black and white dog stands on the grass with a baseball in his mouth
8,closeup of a small black and white dog with a baseball in its mouth .
0,and white dog holding a baseball in mouth .
0,and white dog with baseball in mouth , field and building .
0,and white dog with a baseball in its mouth .
0,dog is wearing a red baseball cap , and has its mouth wide open .
8,young boy is getting ready to hit a pinata with a blue baseball bat .
1,brown dog dives backwards to catch the football .
8,man with a bushy beard and a baseball cap sits on a park bench .
0,spotted dog playing on a baseball field with another dog .
0,dogs play on a baseball field .
8,watching a guy in a black and green baseball cap skateboarding .
0,opposing footballers play on a field .
1,playing tag football run down the field .
6,kid is chasing another kid who is holding a football .
6,kid is running across a field carrying a football while another is close behind grabbing for his flags .
1,children playing tag football .
1,little boys play football on green grass .
6,boy holding a toy football , runs along a paved path .
6,boy runs past a house carrying a very small plastic foam football .
6,boy runs with a very small football down a paved walkway .
6,person runs with a small football .
6,young boy running on a sidewalk holding a small football .
6,man holds a sign offering to trade a poem for a football ticket .
3,woman in yellow is throwing the football to the woman in brown .
6,girls throwing a football in their backyard .
0,guy and a girl wearing baseball caps and black scarves around their necks .
0,child hits a baseball .
0,little boy hits a baseball while his family watches
5,man wearing red shorts dribbles a basketball behind him .
5,man with no shirt plays basketball .
5,athlete in red shorts is caught frozen during a basketball move .
8,shirtless man in red shorts bouncing a basketball on a court .
5,in red shorts bouncing a basketball .
0,with baseball gloves walking across a baseball field
0,woman playing baseball walks back to her base while her feamle teammate follows .
8,woman with a glove on a baseball field with another woman
8,boy in a red baseball cap eats a Ritz cracker and has a big pink cup of juice
5,wet brown dog is jumping into the air to try and catch a basketball with his mouth .
5,wet brown dog jumps up to get a white basketball .
5,wet dog leaped toward the basketball .
0,little boy in an orange collared shirt is swinging a baseball bat .
0,man with a baseball cap and shiny sunglasses looks down while another bald man looks down .
0,man wearing a backwards baseball cap .
0,man wearing a blue baseball cap is gazing into the distance .
8,man with a beard and a navy blue backwards baseball cap stares intently at something in the distance .
8,person with blue hair , a baseball cap , and a hood on stands outdoors in a crowd .
0,baseball player standing on the field
0,baseball player stands and faces the crowd .
0,baseball player wearing a number 19 shirt looks at the outfield .
0,player looking out into a stadium crowd
